Project Name,Client Name,Location,Capabilities,Markets,Thumbnail,URL
Boulder Parking Structures,City of Boulder,"Boulder, CO",Asset Management,,https://www.f-w.com/sites/default/files/styles/large_hero_image_mobile_1x/public/2016-11-21%2011.47.37.jpg?itok=eCSk8cbh,https://www.f-w.com/projects/10-year-work-plan-to-guide-investment-strategy
Sherman Family Practice,Springfield Clinic,"Sherman, IL","Architecture, Interior Design",Healthcare,https://www.f-w.com/sites/default/files/styles/large_hero_image_mobile_1x/public/Spfld_Clinic_Sherman_Ext_01%20crop.jpg?h=2444e82c&itok=x_1-lpuy,https://www.f-w.com/projects/1960s-era-family-practice-clinic-renovation
Carr Connector Pipeline,Magellan Midstream Partners,"Weld County, CO",Oil & Gas,"Energy & Utilities, Oil & Gas",https://www.f-w.com/sites/default/files/styles/large_hero_image_mobile_1x/public/IMG_0185.jpg?h=71976bb4&itok=iC3pTvVL,https://www.f-w.com/projects/30-horizontal-directional-drills-on-the-carr-connector-pipeline
Snow Shed Tunnel Improvements,Fehr and Peers / CDOT Region 5,"Red Mountain Pass, CO",Surveying,,https://www.f-w.com/sites/default/files/styles/large_hero_image_mobile_1x/public/US%20550%20Snow%20Shed%202%20altered.jpg?h=5d32e2ae&itok=-saPNzJs,https://www.f-w.com/projects/3d-scanning-used-for-snow-shed-tunnel-improvements
"North Weld County Water District - East Larimer County Water District Water Transmission, Phase II",North Weld County Water District and East Larimer County Water District,"Fort Collins, CO","Engineering, Municipal",Municipal,https://www.f-w.com/sites/default/files/styles/large_hero_image_mobile_1x/public/May%202015%20044_0.jpg?h=a5eb5da0&itok=BOBsT1Hp,https://www.f-w.com/projects/42-in-diameter-waterline-design
Rockford Service Center Renovation,Health Care Service Corporation,"Rockford, IL","Architecture, Interior Design",Commercial,https://www.f-w.com/sites/default/files/styles/large_hero_image_mobile_1x/public/IMG_6997%20edit.jpg?h=71976bb4&itok=ZXuzkX12,https://www.f-w.com/projects/90s-era-office-building-renovated
Marcus Nanotechnology Building Phases 3-6,Georgia Institute of Technology,"Atlanta, GA",Commissioning (Cx),Higher Education,https://www.f-w.com/sites/default/files/styles/large_hero_image_mobile_1x/public/Marcus%20Nano.jpg?h=0da20745&itok=l8uMQ5qx,https://www.f-w.com/projects/a-global-hub-for-nanotechnology-research
Activity and Recreation Center,Normal Township,"Normal, IL","Architecture, Electrical, Interior Design, Landscape Architecture, Mechanical, Plumbing, Structural",Parks & Recreation,https://www.f-w.com/sites/default/files/styles/large_hero_image_mobile_1x/public/ARC%20Exterior%20with%20Sign%201_0.jpg?h=566f8611&itok=9iOoLAOA,https://www.f-w.com/projects/a-place-for-senior-activity
Echo Bluff State Park,State of Missouri,"Shannon County, MO","Architecture, Electrical, Interior Design, Land Development, Landscape Architecture, Mechanical, Plumbing, Structural, Surveying, Transportation, Wastewater, Stormwater Management",Parks & Recreation,https://www.f-w.com/sites/default/files/styles/large_hero_image_mobile_1x/public/28939569143_7c3aff22e3_o_0.jpg?h=fba0f307&itok=2DZfPbj8,https://www.f-w.com/projects/a-year-round-state-park-destination
Timberlake Estates Supportive Living,Abundant Faith Christian Center,"Springfield, IL","Architecture, Electrical, Landscape Architecture, Mechanical, Plumbing, Structural",Senior Life Care,https://www.f-w.com/sites/default/files/styles/large_hero_image_mobile_1x/public/IMG_3568.JPG?h=dcafdd9c&itok=457h-j0i,https://www.f-w.com/projects/abundant-faith-christian-center-builds-facility
Marshall Public Library Renovation,Marshall Public Library,"Marshall, IL","Architecture, Electrical, Interior Design, Mechanical, Plumbing",Library & Cultural,https://www.f-w.com/sites/default/files/styles/large_hero_image_mobile_1x/public/20190225_115401_edited.jpg?h=92229be0&itok=rjYUNk7n,https://www.f-w.com/projects/accessibility-and-updates-for-unused-space
Vista Charter School,,"Montrose, CO",Commissioning (Cx),K-12 Education,https://www.f-w.com/sites/default/files/styles/large_hero_image_mobile_1x/public/Vista%20Charter%20School%20Slideshow.jpg?h=c82f5852&itok=1wNIqhOP,https://www.f-w.com/projects/achieved-owners-intent-and-vision
Illinois CancerCare,Illinois CancerCare,"Peoria, IL","Architecture, Electrical, Interior Design, Land Development, Landscape Architecture, Mechanical, Plumbing, Structural",Healthcare,https://www.f-w.com/sites/default/files/styles/large_hero_image_mobile_1x/public/03%20D7K_1720%20HDR.jpg?h=4d92ec11&itok=MK5PG1rT,https://www.f-w.com/projects/addition-blends-with-original-building
Mitchell Memorial Library Addition,"Mississippi Bureau of Buildings, Grounds, and Real Property Management","Starkville, MS","Building Enclosure Commissioning (BECx), Commissioning (Cx)","Higher Education, Library & Cultural",,https://www.f-w.com/projects/addition-commissioned-for-presidential-library
Agnew Middle School Third Party Storm Shelter Review,Mesquite Independent School District,"Mesquite, TX","Architecture, Electrical, Mechanical","K-12 Education, ICC Storm Shelter Peer Review",https://www.f-w.com/sites/default/files/styles/large_hero_image_mobile_1x/public/Agnew%20MS%20TS%202%20edited.jpg?h=c96e57aa&itok=2EyTkG0N,https://www.f-w.com/projects/adequate-signage-an-icc-500-shelter-requirement
Marksheffel Road,,"El Paso County, CO",Surveying,Municipal,,https://www.f-w.com/projects/aggressive-survey-schedule-to-support-design
Consolidated Car Rental Facility,Hartsfield-Jackson Development Program / City of Atlanta Department of Aviation,"Atlanta, GA",Commissioning (Cx),Commercial,https://www.f-w.com/sites/default/files/styles/large_hero_image_mobile_1x/public/conracnight%20less%20sky.jpg?h=b62af8b0&itok=03kzjPIF,https://www.f-w.com/projects/airport-modernizes-car-rental-facilities
Alta Farms II Wind Project,"Alta Farms II Wind, LLC","Dewitt County, IL",Transportation,"Energy & Utilities, Renewables",https://www.f-w.com/sites/default/files/styles/large_hero_image_mobile_1x/public/2_0.jpg?h=9658c3a2&itok=p3SFF74W,https://www.f-w.com/projects/alta-farms-ii-wind-project
Altoona City Hall and Police Station,,"Altoona, IA",Architecture,Municipal,https://www.f-w.com/sites/default/files/styles/large_hero_image_mobile_1x/public/Pgp79844%232.jpg?itok=aqAiPcz2,https://www.f-w.com/projects/altoona-city-hall-and-police-station
Olympic Training Center Aquatic Center,U.S. Olympic Committee,"Colorado Springs, CO",Retro-Commissioning (RCx),Parks & Recreation,https://www.f-w.com/sites/default/files/styles/large_hero_image_mobile_1x/public/IMG_4484_2.JPG?h=2dcff2eb&itok=3nj43TE6,https://www.f-w.com/projects/aquatic-center-hvac-upgrades
Visual Arts Center Museum,University of Colorado at Boulder,"Boulder, CO","Commissioning (Cx), Electrical, Mechanical","Higher Education, Library & Cultural",https://www.f-w.com/sites/default/files/styles/large_hero_image_mobile_1x/public/20170126_205335529_iOS%20rotated.jpg?h=d318f057&itok=s1exfp2x,https://www.f-w.com/projects/art-collection-displayed-and-stored-in-comfort
Art and Design Building West Addition,Southern Illinois University - Edwardsville,"Edwardsville, IL","Building Enclosure Commissioning (BECx), Commissioning (Cx)",Higher Education,https://www.f-w.com/sites/default/files/styles/large_hero_image_mobile_1x/public/SIUE%20Art%20and%20Design%20P1040974-edit2.jpg?h=62e14fb5&itok=soqRkHAN,https://www.f-w.com/projects/art-design-building-obtains-leed-gold
St. Margaret's Hospital Condition Assessment,St. Margaret's Health,"Spring Valley, IL",Asset Management,Healthcare,https://www.f-w.com/sites/default/files/styles/large_hero_image_mobile_1x/public/St%20Margaret%27s%20conditon%20assess%20IMG_0499.JPG?itok=QspQnfjH,https://www.f-w.com/projects/assessment-for-hospital-campus
Asset Management for a Confidential Corporate Client,Confidential,"Dallas, TX",Asset Management,Commercial,https://www.f-w.com/sites/default/files/styles/large_hero_image_mobile_1x/public/Dallas-Hunt_Consolidated_Tower_02.jpg?h=a5eb5da0&itok=5dl0BfP9,https://www.f-w.com/projects/asset-management-for-a-confidential-corporate-client
Snyder Village New Assisted Living Center,Snyder Village,"Metamora, IL","Architecture, Electrical, Land Development, Landscape Architecture, Mechanical, Plumbing",Senior Life Care,https://www.f-w.com/sites/default/files/styles/large_hero_image_mobile_1x/public/Entry%20150_slideshow.jpg?h=4a3a9d3a&itok=-EZObfnx,https://www.f-w.com/projects/assisted-living-center-completes-master-plan
Atlanta Public Schools HVAC and Indoor Air Quality Retro-Commissioning,Atlanta Public Schools,"Atlanta, GA",Retro-Commissioning (RCx),K-12 Education,https://www.f-w.com/sites/default/files/styles/large_hero_image_mobile_1x/public/larger-photo.png?h=34515be3&itok=ct1hnpKF,https://www.f-w.com/projects/atlanta-public-schools-hvac-and-indoor-air-quality-retro-commissioning
Level 2 Energy Audits at 30 Marine Forces Reserve Installations,"North Wind, Inc. / U.S. Army Corps of Engineers",Nationwide,"Asset Management, Commissioning (Cx)",DOD / Federal,https://www.f-w.com/sites/default/files/styles/large_hero_image_mobile_1x/public/Pasadena%20IMG_0038%20crop%20for%20web_0.jpg?h=9471aec0&itok=iCTL4emD,https://www.f-w.com/projects/audits-yield-big-savings-for-marine-forces-reserve
New Hillsboro Public Library,Hillsboro Public Library System,"Hillsboro, IL",Architecture,Library & Cultural,https://www.f-w.com/sites/default/files/styles/large_hero_image_mobile_1x/public/interiorrender1.jpg?h=a81915c7&itok=-mc8cIhr,https://www.f-w.com/projects/bank-building-repurposed-for-library
Copper Slough Bank Stabilization,City of Champaign,"Champaign , IL","Municipal, Surveying, Stormwater Management",Municipal,https://www.f-w.com/sites/default/files/styles/large_hero_image_mobile_1x/public/20171031_132359_resized.jpg?h=81a575bc&itok=9J2TlAK7,https://www.f-w.com/projects/bank-stabilization-protects-neighborhood
Battery Assembling and Testing Area,Confidential Client,,Process Piping,Advanced Manufacturing & Technology,https://www.f-w.com/sites/default/files/styles/large_hero_image_mobile_1x/public/AdobeStock_918584554.jpeg?h=0fb6fb83&itok=nSt04AH7,https://www.f-w.com/projects/battery-assembling-and-testing-area
Belleville Carnegie Library Renovation,"City of Belleville, Illinois","Belleville, IL","Architecture, Interior Design","Historic Preservation, Library & Cultural",https://www.f-w.com/sites/default/files/styles/large_hero_image_mobile_1x/public/belleville%20library%20003_0.jpg?h=7685ba0d&itok=bbJZgHZf,https://www.f-w.com/projects/belleville-library-facilities-get-refresh
Bicycle Network Master Plan,City of Monticello,"Monticello, IL","Landscape Architecture, Transportation",Parks & Recreation,https://www.f-w.com/sites/default/files/styles/large_hero_image_mobile_1x/public/IMG_5242.JPG?h=a5eb5da0&itok=9mw1brK3,https://www.f-w.com/projects/bicycle-network-master-plan-provides-better-accessibility
Black Hawk State Historic Site Lodge Improvements,Illinois Capital Development Board,"Rockford, IL","Architecture, Electrical, Interior Design, Mechanical, Plumbing",Historic Preservation,https://www.f-w.com/sites/default/files/styles/large_hero_image_mobile_1x/public/3_Black%20Hawk%20ballroom%20small.1.jpg?h=feba0e1d&itok=d1clTcsb,https://www.f-w.com/projects/black-hawk-lodge-historic-improvements
Blue Canyon Wind Farm,Horizon Wind Energy,"Caddo & Comanche Counties, OK","Electrical, Engineering, Mechanical, Plumbing","Energy & Utilities, Renewables",https://www.f-w.com/sites/default/files/styles/large_hero_image_mobile_1x/public/bluecanyon.jpg?h=a5eb5da0&itok=zVqSSsvX,https://www.f-w.com/projects/blue-canyon-wind-om-building
Manhattan Downtown Redevelopment Plan,Village of Manhattan,"Manhattan, IL","Architecture, Landscape Architecture, Planning, Transportation",Municipal,https://www.f-w.com/sites/default/files/styles/large_hero_image_mobile_1x/public/05-Birdseye-from-SE.png?h=8f74817f&itok=xKL7jnjO,https://www.f-w.com/projects/bold-vision-enhances-downtown
Murdoch Avenue Bridge Replacement,"City of Webster Groves, Missouri","Webster Groves, MO","Structural, Transportation",Municipal,https://www.f-w.com/sites/default/files/styles/large_hero_image_mobile_1x/public/Murdoch%20Ave%20Web%20Image.jpg?h=12bd73b8&itok=RlgK0abT,https://www.f-w.com/projects/bridge-replacement-allows-for-more-clearance
Bright Stalk Wind Farm,Horizon Wind Energy,"McLean County, IL","Architecture, Engineering, Surveying, Transportation","Energy & Utilities, Renewables",https://www.f-w.com/sites/default/files/styles/large_hero_image_mobile_1x/public/DJI_20211019104343_0017.JPG?h=5767db86&itok=wihBSW4V,https://www.f-w.com/projects/bright-stalk-wind-farm
Westmont College Master Plan,Westmont College,"Santa Barbara, CA",Commissioning (Cx),Higher Education,https://www.f-w.com/sites/default/files/styles/large_hero_image_mobile_1x/public/Westmont%20College%20054%20larger.jpg?h=7425e3af&itok=1rc_TW1e,https://www.f-w.com/projects/buildings-exceed-leed-targets
South Pikes Peak Avenue / Union Street Water Line,City of Florence,"Florence, CO",Municipal,Municipal,https://www.f-w.com/sites/default/files/styles/large_hero_image_mobile_1x/public/IMG_5981_0.JPG?h=dcafdd9c&itok=3eAXR2he,https://www.f-w.com/projects/businesses-stay-open-during-construction
Global Telecom Cable Location,Confidential Global Telecom Company,"Willard, MO","Engineering, Surveying","Energy & Utilities, Telecommunications",https://www.f-w.com/sites/default/files/styles/large_hero_image_mobile_1x/public/casino3_.jpg?h=c7a8c72d&itok=RePX0CkU,https://www.f-w.com/projects/cable-reroute-allows-for-expansion
California Ridge Wind Farm,"Invenergy, LLC","Champaign & Vermillion Counties, IL","Surveying, Transportation","Energy & Utilities, Renewables",https://www.f-w.com/sites/default/files/styles/large_hero_image_mobile_1x/public/DJI_20211019105028_0025.JPG?h=5767db86&itok=P7KJvnNd,https://www.f-w.com/projects/california-ridge-wind-farm
Oneida Campus Renovation & Expansion,ROWVA CUSD No. 208,"Oneida, IL","Architecture, Electrical, Interior Design, Land Development, Landscape Architecture, Mechanical, Plumbing, Structural, Surveying",K-12 Education,https://www.f-w.com/sites/default/files/styles/large_hero_image_mobile_1x/public/D7K_5883.JPG?h=bfa41935&itok=a7Fv30r_,https://www.f-w.com/projects/campus-receives-40000-sf-addition
Fourth Street Improvements,Capital Development Board,"Champaign, IL","Municipal, Transportation","Higher Education, Municipal",https://www.f-w.com/sites/default/files/styles/large_hero_image_mobile_1x/public/fourth%20street%202.jpg?h=50a0ca71&itok=lh_eHsc9,https://www.f-w.com/projects/campus-street-upgraded-for-safety
Illinois CancerCare - Bloomington,Illinois CancerCare,"Bloomington, IL","Architecture, Electrical, Interior Design, Landscape Architecture, Mechanical, Plumbing, Structural",Healthcare,https://www.f-w.com/sites/default/files/styles/large_hero_image_mobile_1x/public/8M1A8589.jpg?h=f2fcf546&itok=xQX0jELv,https://www.f-w.com/projects/cancercare-mob-for-bloomington
Kirchner Block & Brick,Midwest Products Group,"Earth City, MO","Land Development, Structural",Industrial,https://www.f-w.com/sites/default/files/styles/large_hero_image_mobile_1x/public/P1010247.JPG?h=4521fff0&itok=UbRyIMVB,https://www.f-w.com/projects/capacity-needs-lead-to-new-facility
Carl Sandburg College New Science and Technology Center,Carl Sandburg College,"Galesburg, IL","Architecture, Electrical, Engineering, Fire Protection, Interior Design, Landscape Architecture, Mechanical, Plumbing, Structural",Higher Education,https://www.f-w.com/sites/default/files/styles/large_hero_image_mobile_1x/public/CSC%20ST.png?h=ba2e5e53&itok=od7rpNtu,https://www.f-w.com/projects/carl-sandburg-college-science-technology-center
Cardiology Renovation and Catherization Lab,Carle BroMenn Medical Center,"Bloomington, IL","Architecture, Electrical, Mechanical, Plumbing, Structural",Healthcare,https://www.f-w.com/sites/default/files/styles/large_hero_image_mobile_1x/public/Farnsworth_Carle_Cardiac_Cath_012623-32.jpg?h=07895646&itok=duZVdZM6,https://www.f-w.com/projects/carle-bromenn-medical-center-cardiology-renovation-and-catherization-lab
Carle BroMenn Medical Center Various Projects,Carle Healthcare,"Normal, IL","Architecture, Commissioning (Cx), Electrical, Interior Design, Land Development, Mechanical, Plumbing, Structural",Healthcare,https://www.f-w.com/sites/default/files/styles/large_hero_image_mobile_1x/public/Farnsworth_Carle_Cardiac_Cath_012623-33.jpg?h=8f02d2c3&itok=fbHy1rFs,https://www.f-w.com/projects/carle-bromenn-medical-center-various-projects
High Hydrogen Peroxide Waste Treatment Feasibility Study and Pilot System Concept,,"Middle East, AS","Mechanical, Process Piping",Industrial,https://www.f-w.com/sites/default/files/styles/large_hero_image_mobile_1x/public/HazMat%20Cabinet.JPG?h=4eadde09&itok=hkYOdHJh,https://www.f-w.com/projects/catalytic-decomposition-of-hydrogen-peroxide
New Member Center,CEFCU (Citizens Equity First Credit Union),"Canton, IL","Commissioning (Cx), Electrical, Land Development, Landscape Architecture, Mechanical, Plumbing, Surveying",Commercial,https://www.f-w.com/sites/default/files/styles/large_hero_image_mobile_1x/public/DSC_0208%20-%20edited.jpg?h=790be497&itok=xybWnwN3,https://www.f-w.com/projects/cefcu-adds-member-service-center
New CEFCU Branham Member Center,CEFCU,"San Jose, CA","Architecture, Electrical, Mechanical, Plumbing",Commercial,https://www.f-w.com/sites/default/files/styles/large_hero_image_mobile_1x/public/DSC00480.JPG?itok=tTAltLH1,https://www.f-w.com/projects/cefcu-opens-its-first-silicon-valley-branch-location
Johnston Public Safety Building,City of Johnston,"Johnston, IA",Architecture,Municipal,https://www.f-w.com/sites/default/files/styles/large_hero_image_mobile_1x/public/SmallIMG_0759_edited-1.jpg?h=7891189b&itok=zFqzd0Lk,https://www.f-w.com/projects/certified-leed-silver-public-safety-building
Illinois Wesleyan University Energy Master Plan,Illinois Wesleyan University,"Bloomington, IL",Commissioning (Cx),Higher Education,https://www.f-w.com/sites/default/files/styles/large_hero_image_mobile_1x/public/Ames%201-larger.png?h=feba0e1d&itok=sDppPeXu,https://www.f-w.com/projects/charting-a-sustainable-future-with-the-illinois-wesleyan-university-energy-master-plan
Children's Wisconsin Campus: Various Projects,Children's Wisconsin,"Milwaukee, WI","Commissioning (Cx), Retro-Commissioning (RCx)",Healthcare,https://www.f-w.com/sites/default/files/styles/large_hero_image_mobile_1x/public/CW-large.png?h=feba0e1d&itok=m0mWa_ug,https://www.f-w.com/projects/childrens-wisconsin-campus-various-projects
Chiller Replacement,Pikes Peak Library District,"Colorado Springs, CO",Mechanical,Library & Cultural,https://www.f-w.com/sites/default/files/styles/large_hero_image_mobile_1x/public/20150414_082857.jpg?h=a5eb5da0&itok=zDjT9H24,https://www.f-w.com/projects/chiller-replacement-for-library-district
CIRA Air Rescue Fire Fighting Station,"Crawford, Murphy & Tilly, Inc.","Bloomington, IL","Architecture, Electrical, Interior Design, Land Development, Mechanical, Plumbing, Structural",Municipal,https://www.f-w.com/sites/default/files/styles/large_hero_image_mobile_1x/public/Pictures%20260.jpg?h=fee4874d&itok=kk9dRsWl,https://www.f-w.com/projects/cira-adds-rescue-and-fire-fighting-facility
Wastewater Treatment and CSO Improvements,"City of Pekin, Illinois","Pekin, IL","Electrical, Structural, Wastewater",Municipal,https://www.f-w.com/sites/default/files/styles/large_hero_image_mobile_1x/public/PekinWWTP2.jpg?h=12bd73b8&itok=zdkhmOp7,https://www.f-w.com/projects/city-expands-treatment-capacity-and-compliance
Brannan Sand and Gravel,Brannan Sand and Gravel,"Denver, CO","Architecture, Interior Design",Commercial,https://www.f-w.com/sites/default/files/styles/large_hero_image_mobile_1x/public/7.jpg?h=67c4b884&itok=OVV6psz7,https://www.f-w.com/projects/classically-designed-contemporary-building
Wabash Clinic Site and Public Space Improvements,Springfield Clinic,"Springfield, IL","Architecture, Interior Design",Healthcare,https://www.f-w.com/sites/default/files/styles/large_hero_image_mobile_1x/public/exterior%202%20crop.jpg?h=b3f683c6&itok=wyCZaS0g,https://www.f-w.com/projects/clinic-upgrades-improve-patient-experience
Orchard Park Place,Arizona Gold Properties,"Westminster, CO",,,https://www.f-w.com/sites/default/files/styles/large_hero_image_mobile_1x/public/OPP3.jpg?h=a8b9067f&itok=qZg9H7Jk,https://www.f-w.com/projects/collaborative-planning-gets-results
Hewlett Packard Building 5,Hewlett-Packard Enterprise,"Fort Collins, CO","Engineering, Land Development, Surveying",Commercial,https://www.f-w.com/sites/default/files/styles/large_hero_image_mobile_1x/public/IMG_0882-1.jpg?h=79113675&itok=cwTEugWr,https://www.f-w.com/projects/collaborative-services-lead-to-project-success
New Corporate Headquarters,Pinnacle Actuarial Resources,"Bloomington, IL","Architecture, Electrical, Landscape Architecture, Mechanical, Plumbing, Surveying",Commercial,https://www.f-w.com/sites/default/files/styles/large_hero_image_mobile_1x/public/pinnacleextcropped.jpg?h=12bd73b8&itok=M6UeA6yC,https://www.f-w.com/projects/collaborative-work-environment-inside-and-out
New and Expanded K-12 Schools,Chicago Public Schools,"Chicago, IL",Commissioning (Cx),K-12 Education,https://www.f-w.com/sites/default/files/styles/large_hero_image_mobile_1x/public/CPS%20Solorio%20Academy%20entrance.jpg?h=3f9418ef&itok=UZv4zgJF,https://www.f-w.com/projects/commissioning-for-chicagos-public-schools
Utica Build-Out Commissioning,"Marathon Petroleum, LP","East Sparta, OH",Oil & Gas,"Energy & Utilities, Oil & Gas",https://www.f-w.com/sites/default/files/styles/large_hero_image_mobile_1x/public/Utica%20Build%20Out%201.jpg?h=71976bb4&itok=Kb8_BnxZ,https://www.f-w.com/projects/commissioning-of-a-pipeline-to-transport-natural-gas-liquids-ngl
"Will County, IL, Justice Center Commissioning","Will County, IL","Joliet, IL","Building Enclosure Commissioning (BECx), Commissioning (Cx)",Municipal,https://www.f-w.com/sites/default/files/styles/large_hero_image_mobile_1x/public/WillCountyweb1.jpg?h=12bd73b8&itok=es81Xs8U,https://www.f-w.com/projects/commissioning-process-keeps-project-team-unified
City of Monticello Community Planning,City of Monticello,"Monticello, IL","Architecture, Electrical, Landscape Architecture, Planning, Transportation",Municipal,https://www.f-w.com/sites/default/files/styles/large_hero_image_mobile_1x/public/Kirby%20Medical%20Center_0.jpg?h=0a729436&itok=w4eCalgl,https://www.f-w.com/projects/community-planning-to-enhance-livability
Paul M. Rady School of Computer Science and Engineering,Mesa Properties and Western Colorado University,"Gunnison, CO","Architecture, Electrical, Interior Design, Landscape Architecture, Mechanical, Structural, Surveying",Higher Education,https://www.f-w.com/sites/default/files/styles/large_hero_image_mobile_1x/public/PMR15.jpg?h=b37c6761&itok=dLdzoa7w,https://www.f-w.com/projects/compelling-design-for-engineering-school
Heritage Manor Facility Assessment Study,Heritage Enterprises,"Springfield, IL","Architecture, Electrical, Mechanical, Plumbing",Senior Life Care,https://www.f-w.com/sites/default/files/styles/large_hero_image_mobile_1x/public/WP_000132.jpg?h=926d89e9&itok=Um7JSDum,https://www.f-w.com/projects/comprehensive-assessment-outlines-improvements
Memorial Care Center Renovation,Memorial Hospital,"Belleville, IL","Architecture, Electrical, Landscape Architecture, Mechanical, Plumbing, Structural",Senior Life Care,https://www.f-w.com/sites/default/files/styles/large_hero_image_mobile_1x/public/014.JPG?h=a5eb5da0&itok=AsiQ10bK,https://www.f-w.com/projects/comprehensive-evaluation-leads-to-full-renovation
Fab Expansion UPW System,Confidential,,Process Piping,,https://www.f-w.com/sites/default/files/styles/large_hero_image_mobile_1x/public/UPW%202.JPG?h=0d054e74&itok=zzY-jf9z,https://www.f-w.com/projects/controls-reduced-polish-flow-increased-reliability
Two Rivers Crude Conversion,Marathon Pipe Line LLC,"Harford & Patoka, IL","Mechanical, Oil & Gas, Structural, Surveying","Energy & Utilities, Oil & Gas",https://www.f-w.com/sites/default/files/styles/large_hero_image_mobile_1x/public/IMG_0335.JPG?h=0d054e74&itok=3kHd2DMT,https://www.f-w.com/projects/conversion-of-an-idled-products-pipeline-to-crude-oil-service
Woodford County Courthouse and Public Safety Building Energy Assessment,"Woodford County, IL","Eureka, IL","Asset Management, Commissioning (Cx)",Municipal,https://www.f-w.com/sites/default/files/styles/large_hero_image_mobile_1x/public/Woodford%20Courthouse%20for%20web%202.jpg?h=feba0e1d&itok=ipg9jX1i,https://www.f-w.com/projects/courthouse-lowers-utility-costs
Black Band Distillery,Black Band Distillery,"PEORIA, IL","Architecture, Land Development, Landscape Architecture","Historic Preservation, Retail & Mixed Use",https://www.f-w.com/sites/default/files/styles/large_hero_image_mobile_1x/public/JCN19630c_0.jpg?h=47c1725e&itok=0n1qGadD,https://www.f-w.com/projects/craft-distillery-for-warehouse-district
West Georgia Technical College New Carroll County Campus,West Georgia Technical College,"Carroll County, GA","Building Enclosure Commissioning (BECx), Commissioning (Cx)",Higher Education,https://www.f-w.com/sites/default/files/styles/large_hero_image_mobile_1x/public/WGTC%20Carroll%20from%20web.png?h=1cc917f1&itok=pCRwL2fH,https://www.f-w.com/projects/crafting-a-campus-of-excellence-west-georgia-technical-college-new-carroll-county-campus
Boneyard Creek Improvements - Second Street Detention,City of Champaign,"Champaign, IL","Electrical, Engineering, Transportation, Stormwater Management",Municipal,https://www.f-w.com/sites/default/files/styles/large_hero_image_mobile_1x/public/7-15-11_045.JPG?h=7685ba0d&itok=MfD71H9e,https://www.f-w.com/projects/creative-stormwater-project-provides-community-amenity
Bellco Credit Union,,"Aurora, CO",Architecture,Commercial,https://www.f-w.com/sites/default/files/styles/large_hero_image_mobile_1x/public/Bellco%201a_4.jpg?h=42618629&itok=_O3ZOGCO,https://www.f-w.com/projects/credit-union-branch-conforms-to-community
Veterans Affairs Health Clinic and Domiciliary,Cullinan Properties,"Tampa, FL",Commissioning (Cx),"DOD / Federal, Healthcare",https://www.f-w.com/sites/default/files/styles/large_hero_image_mobile_1x/public/VA%20Tampa%20Entry-larger.png?h=f3b28668&itok=Q3tJbLf8,https://www.f-w.com/projects/critical-care-and-services-for-our-veterans-veterans-affairs-health-clinic-and-domiciliary
State Highway 1 and CR 54 (Douglas Road) Traffic Signal Design,Interwest Consulting Group,"Larimer County, CO","Engineering, Municipal, Subsurface Utility Engineering (SUE), Surveying",Municipal,https://www.f-w.com/sites/default/files/styles/large_hero_image_mobile_1x/public/IMG_0044.JPEG?h=404059e4&itok=egG0WTvK,https://www.f-w.com/projects/critical-sue-data-for-complex-project
Crossroads Wind Farm,"Crossroads Wind Power, LLC","Huron County, OH","Land Development, Structural, Surveying, Transportation","Energy & Utilities, Renewables",https://www.f-w.com/sites/default/files/styles/large_hero_image_mobile_1x/public/DJI_20211019105402_0035.JPG?h=5767db86&itok=-U8EI4-l,https://www.f-w.com/projects/crossroads-wind-farm
Crude Oil Truck Unload Terminal,"Patoka Terminal Company, LLC","Patoka, IL","Electrical, Mechanical, Oil & Gas, Structural, Surveying","Energy & Utilities, Oil & Gas",https://www.f-w.com/sites/default/files/styles/large_hero_image_mobile_1x/public/IMG_1962.JPG?h=19f14c2c&itok=dow1K8bF,https://www.f-w.com/projects/crude-oil-truck-unload-terminal
Current River State Park Renovation and Expansion,State of Missouri,"Salem, MO","Architecture, Electrical, Fire Protection, Interior Design, Landscape Architecture, Mechanical, Plumbing, Structural, Surveying",Historic Preservation,https://www.f-w.com/sites/default/files/styles/large_hero_image_mobile_1x/public/Current%20River%20State%20Park_1.jpg?h=adbb760b&itok=TJG9qa2L,https://www.f-w.com/projects/current-river-state-park-renovation-and-expansion
CEFCU Member Center,CEFCU (Citizens Equity First Credit Union),"Chillicothe, IL","Architecture, Commissioning (Cx), Electrical, Interior Design, Land Development, Landscape Architecture, Mechanical, Plumbing, Structural",Commercial,https://www.f-w.com/sites/default/files/styles/large_hero_image_mobile_1x/public/_DSC0036.JPG?h=fee4874d&itok=JJflftHF,https://www.f-w.com/projects/cutting-edge-member-service-center
Pacific Visions,Aquarium of the Pacific,"Long Beach, CA","Building Enclosure Commissioning (BECx), Commissioning (Cx)",Library & Cultural,https://www.f-w.com/sites/default/files/styles/large_hero_image_mobile_1x/public/Untitled-1_5.jpg?h=9853a32c&itok=srxa7jGu,https://www.f-w.com/projects/cx-and-becx-leads-the-way-to-green-globes-certification
"New Denver Veterans Affairs Medical Center, Commissioning",Kiewit-Turner,"Aurora, CO",Commissioning (Cx),Healthcare,https://www.f-w.com/sites/default/files/styles/large_hero_image_mobile_1x/public/DEN-VA-Hospital-024%20for%20web%20cropped.jpg?h=c6980913&itok=EVj8tqE7,https://www.f-w.com/projects/cx-for-denver-va-medical-center
Technical Campus,Collin College,"Allen, TX",Commissioning (Cx),Higher Education,https://www.f-w.com/sites/default/files/styles/large_hero_image_mobile_1x/public/Collin%20College%20-%20Tech%20Campus-edit.jpg?h=844532ba&itok=-ljynkmj,https://www.f-w.com/projects/cx-services-for-technical-campus
Dallas County Law Enforcement Center,,"Adel, IA",Architecture,Municipal,https://www.f-w.com/sites/default/files/styles/large_hero_image_mobile_1x/public/Pgp82860%232.jpg?itok=hYHnfOJs,https://www.f-w.com/projects/dallas-county-law-enforcement-center
Cheyenne Prairie Generating Station,Black Hills Corporation,"Cheyenne, WY","Oil & Gas, Surveying","Energy & Utilities, Oil & Gas",https://www.f-w.com/sites/default/files/styles/large_hero_image_mobile_1x/public/IMG_0934.JPG?h=19f14c2c&itok=NGBDx2ls,https://www.f-w.com/projects/design-and-gas-services-provided-to-cheyenne-prairie-generating-station
Longs Peak Hospital,UCHealth,"Longmont, CO",Commissioning (Cx),Healthcare,https://www.f-w.com/sites/default/files/styles/large_hero_image_mobile_1x/public/IMG_9174.JPG?h=5f62bdfc&itok=9biBVnmp,https://www.f-w.com/projects/design-build-hospital-commissioning
Irving Park Road Expansion,Confidential Global Telecom Company,"Chicago, IL","Engineering, Surveying","Energy & Utilities, Telecommunications",https://www.f-w.com/sites/default/files/styles/large_hero_image_mobile_1x/public/Pic%206_.jpg?h=feba0e1d&itok=2YaXLbtC,https://www.f-w.com/projects/design-clears-way-for-roadway-expansion
Space Age Federal Credit Union,Space Age Federal Credit Union,"Lakewood, CO","Architecture, Interior Design","Commercial, Retail & Mixed Use",https://www.f-w.com/sites/default/files/styles/large_hero_image_mobile_1x/public/spaceagecreditunion_3.jpg?itok=4uQuxelB,https://www.f-w.com/projects/design-encourages-member-interaction
Arsenal/Manhattan Road,Confidential Global Telecom Company,"Elwood, IL",Engineering,"Energy & Utilities, Telecommunications",https://www.f-w.com/sites/default/files/styles/large_hero_image_mobile_1x/public/20200522_110908.jpg?h=19f14c2c&itok=oZSH76dM,https://www.f-w.com/projects/design-of-2000-lf-of-new-telecommunications-conduit-for-successful-utility-relocation
Commercial Asset Planning,Town of Normal Economic Development Group,"Normal, IL","Architecture, Landscape Architecture","Municipal, Retail & Mixed Use",https://www.f-w.com/sites/default/files/styles/large_hero_image_mobile_1x/public/New%20Option%20-%2009-18-17%20no%20street%20name-1.jpg?h=92892893&itok=fBX2c2-H,https://www.f-w.com/projects/design-options-for-development-opportunities
Touch Screen Film Manufacturing Renovation,,,"Mechanical, Process Piping",,https://www.f-w.com/sites/default/files/styles/large_hero_image_mobile_1x/public/UPW%206%20-%20PMB.JPG?h=71976bb4&itok=-EJ-9o3U,https://www.f-w.com/projects/detailed-fieldwork-yields-construction-savings
Distillery Labs Innovation Hub,Illinois Central College & more,"Peoria, IL","Architecture, Electrical, Interior Design, Mechanical, Plumbing, Structural",,https://www.f-w.com/sites/default/files/styles/large_hero_image_mobile_1x/public/CMMcGuire-20240729-0412_0.jpg?h=ede64268&itok=HSIYFkGB,https://www.f-w.com/projects/distillery-labs-innovation-hub
U.S. Citizenship and Immigration Services Denver District Office,Scannell Properties / U.S. General Services Administration,"Centennial, CO","Architecture, Commissioning (Cx), Electrical, Interior Design, Land Development, Landscape Architecture, Mechanical, Plumbing, Structural",DOD / Federal,https://www.f-w.com/sites/default/files/styles/large_hero_image_mobile_1x/public/GSA%2030.jpg?h=4d27d6d4&itok=FGaT1d2L,https://www.f-w.com/projects/district-office-for-citizenship-services
Downtown Effingham Streetscape,City of Effingham,"Effingham, IL","Landscape Architecture, Municipal, Transportation",Municipal,https://www.f-w.com/sites/default/files/styles/large_hero_image_mobile_1x/public/IMG_0025%20-%20resized.jpg?h=9b14f9d6&itok=_HuTLbVX,https://www.f-w.com/projects/downtown-streetscape-improves-safety
Master Drainage Study,Weld County,"Weld County, CO","Land Development, Municipal, Surveying, Stormwater Management",Municipal,https://www.f-w.com/sites/default/files/styles/large_hero_image_mobile_1x/public/February%201%202016%20JC%20178%20revised.jpg?h=f927177e&itok=0J4MTDDh,https://www.f-w.com/projects/drainage-study-near-new-parkway
Princeton Water Treatment Plant,City of Princeton,"Princeton, IL","Architecture, Electrical, Engineering, Mechanical, Municipal, Plumbing, Structural",Municipal,https://www.f-w.com/sites/default/files/styles/large_hero_image_mobile_1x/public/Princeton2.JPG?h=8dbecc6e&itok=Fl20Semj,https://www.f-w.com/projects/drinking-water-for-a-central-illinois-community
Entry Addition and Renovations,Apostolic Christian Church,"Eureka, IL","Architecture, Electrical, Land Development, Mechanical, Plumbing, Structural",Senior Life Care,https://www.f-w.com/sites/default/files/styles/large_hero_image_mobile_1x/public/IMG_1629_0.JPG?h=a5eb5da0&itok=CGTnhj08,https://www.f-w.com/projects/drive-canopy-reestablishes-an-iconic-entry
Fairbury Fire Station and Ambulance Facility,City of Fairbury,"Fairbury, IL","Architecture, Electrical, Land Development, Mechanical, Municipal, Plumbing, Structural",Municipal,https://www.f-w.com/sites/default/files/styles/large_hero_image_mobile_1x/public/interior%20fairbury%20fire%20-%20web.png?h=feba0e1d&itok=MJsvHpbw,https://www.f-w.com/projects/dual-function-facility-fills-emergency-service-needs
Dunlap High School Athletic Complex Renovations,Dunlap CUSD #323,"Dunlap, IL","Architecture, Electrical, Land Development, Landscape Architecture, Plumbing, Surveying","K-12 Education, Parks & Recreation",https://www.f-w.com/sites/default/files/styles/large_hero_image_mobile_1x/public/DSC_0074.JPG?h=623f249a&itok=d2WJXDEb,https://www.f-w.com/projects/dunlap-high-school-enhances-athletic-complex
Dunlap High School Phase II Addition & Renovations,Dunlap CUSD #323,"Dunlap, IL","Electrical, Interior Design, Land Development, Mechanical, Plumbing, Structural, Surveying",K-12 Education,https://www.f-w.com/sites/default/files/styles/large_hero_image_mobile_1x/public/D7K_7580-edit_0.jpg?h=bfa41935&itok=E4vV23-W,https://www.f-w.com/projects/dunlap-high-school-expands-again
Dunwoody City Hall RTU Pre-TAB & Controls Assessment,City of Dunwoody,"Dunwoody, GA","Retro-Commissioning (RCx), Testing, Adjusting, and Balancing (TAB)",Municipal,https://www.f-w.com/sites/default/files/styles/large_hero_image_mobile_1x/public/Dunwoody_city_hall.jpg?h=05644764&itok=3slZKWS_,https://www.f-w.com/projects/dunwoody-city-hall-rtu-pre-tab-controls-assessment
Westerra Plaza,Westerra Credit Union,"Lakewood, CO",Architecture,"Commercial, Retail & Mixed Use",https://www.f-w.com/sites/default/files/styles/large_hero_image_mobile_1x/public/westerra-3.jpg?h=90c7c862&itok=R7Nzrzpd,https://www.f-w.com/projects/dynamic-commercial-district-anchor
Economic Growth Spurs US 150 Improvements,Village of Mahomet,"Mahomet, IL",Transportation,Municipal,https://www.f-w.com/sites/default/files/styles/large_hero_image_mobile_1x/public/036.jpg?h=10655169&itok=KDy7BhGE,https://www.f-w.com/projects/economic-growth-spurs-us-150-improvements
"Education Center, Building 1117","HB&A, LLC / U.S. Army Corps of Engineers Northwestern Division","Fort Carson, CO","Electrical, Land Development, Mechanical, Plumbing","DOD / Federal, Higher Education",,https://www.f-w.com/projects/education-center-serving-our-service-members
East Chicago Station Gas Chromatograph,Buckeye Partners,"East Chicago, IN","Electrical, Oil & Gas","Energy & Utilities, Oil & Gas",,https://www.f-w.com/projects/electrical-and-instrumentation-installation-drawings-provided-to-buckeye-partners
Hammond Terminal Electrical Upgrade,,"Hammond, IN","Electrical, Oil & Gas, Structural, Surveying","Energy & Utilities, Oil & Gas",https://www.f-w.com/sites/default/files/styles/large_hero_image_mobile_1x/public/Cable%20Tray%20cropped%20for%20web.jpg?h=12bd73b8&itok=VwUmqJaB,https://www.f-w.com/projects/electrical-upgrades-for-a-refined-products-terminal
Chatham Station Electrical Upgrades,Marathon Petroleum Company,"Worland, WY","Electrical, Oil & Gas, Structural, Surveying","Energy & Utilities, Oil & Gas",https://www.f-w.com/sites/default/files/styles/large_hero_image_mobile_1x/public/IMG_2977_0.JPG?h=fc3c1d04&itok=gbE62v6i,https://www.f-w.com/projects/electrical-upgrades-made-to-mpl-chatham-station
Sugar Creek Elementary School Renovations and Addition,McLean County Community Unit School District 5,"Normal, IL","Electrical, Land Development, Landscape Architecture, Mechanical, Plumbing",K-12 Education,https://www.f-w.com/sites/default/files/styles/large_hero_image_mobile_1x/public/Sugar%20Creek%20Elem%20Sch%202011%20001.jpg?h=30c08e7f&itok=v7k7FKF7,https://www.f-w.com/projects/elementary-school-renovations-double-size
California State Capitol Building Annex,MOCA Systems,"Sacramento, CA","Building Enclosure Commissioning (BECx), Commissioning (Cx)",,https://www.f-w.com/sites/default/files/styles/large_hero_image_mobile_1x/public/the-california-state-capitol-building-in-sacrament-2022-11-10-10-35-40-utc.jpg?h=a5eb5da0&itok=sDmB-QvS,https://www.f-w.com/projects/elevating-sustainability-california-state-capitol-annex-project
W.T. White High School Storm Shelter Peer Review,Dallas Independent Unified School District (DISD),"Dallas, TX","Architecture, Electrical, Mechanical, Structural","K-12 Education, ICC Storm Shelter Peer Review",https://www.f-w.com/sites/default/files/styles/large_hero_image_mobile_1x/public/WT%20White%20HS%203A.JPG?h=19f14c2c&itok=11RK3ysI,https://www.f-w.com/projects/emergency-power-required-for-storm-shelter-shutters
FRANKLIN D. ROOSEVELT HIGH SCHOOL STORM SHELTER PEER REVIEW,Dallas Independent School District (DISD),"Dallas, TX","Architecture, Electrical, Mechanical, Structural","K-12 Education, ICC Storm Shelter Peer Review",https://www.f-w.com/sites/default/files/styles/large_hero_image_mobile_1x/public/Franklin%20D%20Roosevelt%20HS%206A.JPG?h=19f14c2c&itok=9mGkDGOx,https://www.f-w.com/projects/emergency-ventilation-identified-for-storm-shelters
ISU Building Energy Assessments,Illinois State University,"Normal, IL","Asset Management, Commissioning (Cx)",Higher Education,https://www.f-w.com/sites/default/files/styles/large_hero_image_mobile_1x/public/SLB%20DSC_0449.jpg?h=895c7986&itok=Vb7KeVYl,https://www.f-w.com/projects/energy-assessments-identify-cost-savings
Microchip Site Energy Conservation Analysis,,,"Mechanical, Process Piping",,https://www.f-w.com/sites/default/files/styles/large_hero_image_mobile_1x/public/B56%20Boilers2.JPG?h=7dcb60fd&itok=DgjGKTjy,https://www.f-w.com/projects/energy-conservation-at-a-semiconductor-fab
Sustainable Infrastructure Assessments for Air Force Civil Engineer Center,Atkins North America / U.S. Army Corps of Engineers Fort Worth District,"Eglin Air Force Base, FL","Asset Management, Commissioning (Cx)",DOD / Federal,https://www.f-w.com/sites/default/files/styles/large_hero_image_mobile_1x/public/SIA%20298.JPG?itok=5qfJGfTC,https://www.f-w.com/projects/energy-savings-for-the-air-force
OSF Saint Anthony Medical Center Chilled Water System Evaluation,OSF Healthcare,"Rockford, IL","Asset Management, Commissioning (Cx)",Healthcare,https://www.f-w.com/sites/default/files/styles/large_hero_image_mobile_1x/public/OSF%20SAMC%20Chilled%20Water%20Eval%20IMG_4148%20for%20web.jpg?itok=LkfkO-_x,https://www.f-w.com/projects/energy-savings-identified-for-rockford-hospital
BayCare Wesley Chapel Hospital,BayCare Health System,"Wesley Chapel, FL","Building Enclosure Commissioning (BECx), Commissioning (Cx)",Healthcare,https://www.f-w.com/sites/default/files/styles/large_hero_image_mobile_1x/public/IMG_5943.JPG?h=71976bb4&itok=mh26Wwhs,https://www.f-w.com/projects/enhancing-patient-care-commissioning-success-at-wesley-chapel-hospital
Georgia Southern University Interdisciplinary Academic Building,Georgia Southern University,"Statesboro, GA","Building Enclosure Commissioning (BECx), Commissioning (Cx)",Higher Education,https://www.f-w.com/sites/default/files/styles/large_hero_image_mobile_1x/public/Georgia-Southern-University-Interdisciplinary-Exterior-1900-larger%20photo.png?h=16b1dee4&itok=w2RioNiB,https://www.f-w.com/projects/enhancing-performance-at-georgia-southern-universitys-new-academic-hub
Biology Building Renovation and Expansion,University of West Georgia,"Carrollton , GA","Building Enclosure Commissioning (BECx), Commissioning (Cx)",Higher Education,https://www.f-w.com/sites/default/files/styles/large_hero_image_mobile_1x/public/exterior.jpg?h=71976bb4&itok=WuGk5i52,https://www.f-w.com/projects/envelope-commissioning-for-building-addition
Village of Monee Comprehensive Parks and Recreation Plan,Village of Monee,"Monee, IL",Planning,Municipal,https://www.f-w.com/sites/default/files/styles/large_hero_image_mobile_1x/public/Monee%20Parks%20and%20Rec%20Plan2.jpg?h=963d9fc3&itok=zB7DsQzz,https://www.f-w.com/projects/establishing-park-and-recreation-priorities
Chestnut Health Systems Family Health Center,Chestnut Health Systems,"Bloomington, IL","Architecture, Electrical, Interior Design, Mechanical, Plumbing, Structural, Surveying",Healthcare,https://www.f-w.com/sites/default/files/styles/large_hero_image_mobile_1x/public/IMG_3466-Full.jpg?h=9ffe7daa&itok=YTMctQBP,https://www.f-w.com/projects/expanding-community-based-healthcare-service
South East Junior High School Renovation and Expansion,Iowa City Community School District,"Iowa City, IA",Architecture,K-12 Education,https://www.f-w.com/sites/default/files/styles/large_hero_image_mobile_1x/public/18294-%200160%20F_web.jpg?h=8041c74f&itok=-xlsiwDG,https://www.f-w.com/projects/expansion-accommodates-attendance-growth
Three Additions at New Belgium Brewery,New Belgium Brewing,"Fort Collins, CO","Engineering, Surveying",Commercial,https://www.f-w.com/sites/default/files/styles/large_hero_image_mobile_1x/public/IMG_0846.JPG?h=d374f099&itok=UGXE_q1Y,https://www.f-w.com/projects/expansion-requires-engineering-reconfiguration
Apostolic Christian Skylines Assessment,Apostolic Christian Skylines,"Peoria, IL","Architecture, Mechanical, Structural",Senior Life Care,https://www.f-w.com/sites/default/files/styles/large_hero_image_mobile_1x/public/Final_Serving_2_1.jpg?h=81d2f500&itok=a3qCNyE1,https://www.f-w.com/projects/facility-assessment-study-outlines-improvements
Farmington Solar Project,Farmington Central School District No. 265,"Farmington, IL","Architecture, Engineering, Structural","Energy & Utilities, K-12 Education, Renewables",https://www.f-w.com/sites/default/files/styles/large_hero_image_mobile_1x/public/eewrwe.jpg?h=332dbebd&itok=PGs4_Qfl,https://www.f-w.com/projects/farmington-solar-project
Backbone Fiber - Merriam Lane,Confidential Global Telecom Company,"Kansas City, MO",Engineering,"Energy & Utilities, Telecommunications",https://www.f-w.com/sites/default/files/styles/large_hero_image_mobile_1x/public/MH144.jpeg?h=71976bb4&itok=h5sbdpI2,https://www.f-w.com/projects/farnsworth-group-maps-best-run-for-backbone-fiber
"University of Denver, School of Engineering and Computer Science",,"Denver, CO",Engineering,Higher Education,https://www.f-w.com/sites/default/files/styles/large_hero_image_mobile_1x/public/IMG_7908.JPG?h=5f62bdfc&itok=l1iWGk8C,https://www.f-w.com/projects/fire-sprinkler-design-for-engineering-school
Pennsylvania Avenue Roundabout,City of Peoria,"Peoria, IL",Transportation,Municipal,https://www.f-w.com/sites/default/files/styles/large_hero_image_mobile_1x/public/_DSC0038.JPG?h=fee4874d&itok=LcwOD3DR,https://www.f-w.com/projects/first-roundabout-intersection-in-peoria
Leonhard Center Recreation Center,Champaign Park District,"Champaign, IL","Architecture, Electrical, Interior Design, Mechanical, Plumbing, Structural, Surveying",Parks & Recreation,https://www.f-w.com/sites/default/files/styles/large_hero_image_mobile_1x/public/DSC07222%20edited.jpg?h=4fcd1acd&itok=aVZpSdue,https://www.f-w.com/projects/flagship-facility-for-indoor-recreation
FLC and Sportsplex Retro-Commissioning,Village of Orland Park,"Orland Park, IL",Retro-Commissioning (RCx),Parks & Recreation,https://www.f-w.com/sites/default/files/styles/large_hero_image_mobile_1x/public/1-larger.png?h=a93ff5e5&itok=iWAKHoyj,https://www.f-w.com/projects/flc-and-sportsplex-retro-commissioning
"HVM Fab, UPW and HUPW Distribution",Confidential Client,,Process Piping,,https://www.f-w.com/sites/default/files/styles/large_hero_image_mobile_1x/public/UPW%201_0.JPG?h=0d054e74&itok=AjOeGKps,https://www.f-w.com/projects/flexible-and-robust-upw-distribution-system-design
Athens Technical College Industrial Systems and Technical Building,Athens Technical College,"Athens, GA","Building Enclosure Commissioning (BECx), Commissioning (Cx)",Higher Education,https://www.f-w.com/sites/default/files/styles/large_hero_image_mobile_1x/public/Athens%20Tech%20College.png?h=72a7f23b&itok=l9oXQgzc,https://www.f-w.com/projects/forging-the-future-athens-technical-colleges-industrial-systems-technology-building
Betty Jayne Brimmer Center for the Performing Arts,KDB Group,"Peoria Heights, IL",Architecture,"Historic Preservation, Library & Cultural",https://www.f-w.com/sites/default/files/styles/large_hero_image_mobile_1x/public/Untitled-1_6.jpg?h=1e9369ff&itok=6Xa1yz5b,https://www.f-w.com/projects/former-library-turned-into-performing-arts-center
Founders Hall,Southern Illinois University - Edwardsville,"Edwardsville, IL","Building Enclosure Commissioning (BECx), Commissioning (Cx)",Higher Education,https://www.f-w.com/sites/default/files/styles/large_hero_image_mobile_1x/public/founders%20hall%20interior%20WEB.jpg?h=fb563175&itok=NxrqBf79,https://www.f-w.com/projects/founders-hall-renovation-improves-safety-efficiency
Meridian Way Wind Farm Site and O&M Building,Horizon Wind Energy,"Cloud County, KS","Architecture, Electrical, Engineering, Mechanical, Plumbing, Surveying, Transportation","Energy & Utilities, Industrial, Renewables",https://www.f-w.com/sites/default/files/styles/large_hero_image_mobile_1x/public/S6300015.JPG?h=4c5c077f&itok=-dIEBrxB,https://www.f-w.com/projects/full-services-provided-for-kansas-wind-farm
Fulton County Emergency Medical Association (EMA),Fulton County EMA,"Canton, IL","Architecture, Electrical, Land Development, Mechanical, Plumbing, Structural",Municipal,https://www.f-w.com/sites/default/files/styles/large_hero_image_mobile_1x/public/DSCN8036.JPG?h=30c08e7f&itok=qPE2RasZ,https://www.f-w.com/projects/fulton-county-ema-offices-more
Georgia State Capitol Building Improvements,GSFIC & Georgia Building Authority,"Atlanta, GA","Commissioning (Cx), Retro-Commissioning (RCx)",,https://www.f-w.com/sites/default/files/styles/large_hero_image_mobile_1x/public/GA-State-alrger.png?h=d782a8fb&itok=R832fbXZ,https://www.f-w.com/projects/georgia-state-capitol-building-improvements-commissioning
Georgia State Capitol Building Renovation Hydronic Investigation,GSFIC & Georgia Building Authority,"Atlanta, GA","Commissioning (Cx), Retro-Commissioning (RCx), Testing, Adjusting, and Balancing (TAB)",,https://www.f-w.com/sites/default/files/styles/large_hero_image_mobile_1x/public/GA-State.png?h=d782a8fb&itok=BknUY8HD,https://www.f-w.com/projects/georgia-state-capitol-building-renovation-hydronic-investigation
Georgia State Capitol New Legislative Office Building Commissioning,GSFIC & Georgia Building Authority,"Atlanta, GA","Building Enclosure Commissioning (BECx), Commissioning (Cx)",,https://www.f-w.com/sites/default/files/styles/large_hero_image_mobile_1x/public/LOB-Cx.png?h=8a0c22ab&itok=hSNqzNyJ,https://www.f-w.com/projects/georgia-state-capitol-new-legislative-office-building-commissioning
Georgia Tech 4th Street Apartments HVAC Pre-TAB and Initial Controls Assessment,Georgia Institute of Technology,"Atlanta, GA","Commissioning (Cx), Retro-Commissioning (RCx), Testing, Adjusting, and Balancing (TAB)",Higher Education,https://www.f-w.com/sites/default/files/styles/large_hero_image_mobile_1x/public/4th-street-google-images.png?h=4c9ec5c5&itok=KbIA6yv7,https://www.f-w.com/projects/georgia-tech-4th-street-apartments-hvac-pre-tab-and-initial-controls-assessment
Glacier Sands Wind Project,"Glacier Sands Wind Power, LLC","Mason County, IL",Surveying,"Energy & Utilities, Renewables",https://www.f-w.com/sites/default/files/styles/large_hero_image_mobile_1x/public/1_1.jpg?h=9658c3a2&itok=4yeODiCh,https://www.f-w.com/projects/glacier-sands-wind-project
OSF Hospice House,"OSF Healthcare, Inc.","Peoria, IL",Landscape Architecture,Healthcare,https://www.f-w.com/sites/default/files/styles/large_hero_image_mobile_1x/public/_DSC0038_0.JPG?itok=6jVYXJ4m,https://www.f-w.com/projects/healing-garden-comforts-patients
Dunlap High School Phase I Addition & Renovation,Dunlap CUSD #323,"Dunlap, IL","Architecture, Electrical, Interior Design, Land Development, Landscape Architecture, Mechanical, Plumbing, Structural, Surveying",K-12 Education,https://www.f-w.com/sites/default/files/styles/large_hero_image_mobile_1x/public/DSC_0385.JPG?h=623f249a&itok=hy1RUO11,https://www.f-w.com/projects/high-school-grows-by-10-classrooms
OSF Jump Trading Simulation Center,OSF Healtchare,"Peoria, IL",Commissioning (Cx),,https://www.f-w.com/sites/default/files/styles/large_hero_image_mobile_1x/public/OSF%20Simulation%20Ctr_DSC0062.jpg?itok=uR4dt65j,https://www.f-w.com/projects/high-tech-medical-simulation
Regents Building Renovation,University of Colorado Boulder,"Boulder, CO",Architecture,Higher Education,https://www.f-w.com/sites/default/files/styles/large_hero_image_mobile_1x/public/DSC_0152.JPG?h=7685ba0d&itok=zml9D_VM,https://www.f-w.com/projects/high-visibility-and-inviting-experience
"HillTopper Wind Farm in Logan County, Illinois",HillTopper Wind Power LLC,"Logan County, IL","Structural, Surveying, Transportation","Energy & Utilities, Renewables",https://www.f-w.com/sites/default/files/styles/large_hero_image_mobile_1x/public/0718181529%20hilltopper.jpg?h=266da715&itok=midb9pch,https://www.f-w.com/projects/hilltopper-wind-farm-in-logan-county-illinois
Cooperage 214,The Kim Group,"Peoria, IL","Architecture, Electrical, Interior Design, Mechanical, Plumbing, Structural","Historic Preservation, Retail & Mixed Use",https://www.f-w.com/sites/default/files/styles/large_hero_image_mobile_1x/public/D7K_4809.jpg?h=bfa41935&itok=FISnFNE9,https://www.f-w.com/projects/historic-building-converted-to-mixed-use
New Hope Apartments,Peoria Opportunities Foundation,"Peoria, IL","Architecture, Electrical, Land Development, Landscape Architecture, Mechanical, Plumbing, Structural",,https://www.f-w.com/sites/default/files/styles/large_hero_image_mobile_1x/public/New%20Hope%20Apts.jpg?h=a5eb5da0&itok=Sovcgs-e,https://www.f-w.com/projects/historic-building-renovated-for-apartments
Historic Murray Building,Murray Place Development,"Peoria, IL","Architecture, Electrical, Interior Design, Landscape Architecture, Mechanical, Plumbing, Structural, Surveying","Historic Preservation, Retail & Mixed Use",https://www.f-w.com/sites/default/files/styles/large_hero_image_mobile_1x/public/murray%20building%20exterior%20NEW.jpg?h=790be497&itok=IzXvCnYH,https://www.f-w.com/projects/historic-landmark-becomes-multi-use-facility
Georgia State University National Institute for Student Success,Georgia State University,"Atlanta, GA","Building Enclosure Commissioning (BECx), Commissioning (Cx)",Higher Education,https://www.f-w.com/sites/default/files/styles/large_hero_image_mobile_1x/public/GASTU%20Auburn%20Ave%20Renov%20render-larger.png?h=2a25bfbe&itok=vyB6fJNK,https://www.f-w.com/projects/historic-renewal-georgia-state-universitys-innovative-student-success-institute
Historic Peoria High School Addition,Peoria Public Schools,"Peoria, IL","Architecture, Electrical, Interior Design, Landscape Architecture, Mechanical, Plumbing, Structural, Surveying","Historic Preservation, K-12 Education",https://www.f-w.com/sites/default/files/styles/large_hero_image_mobile_1x/public/D7K_5471.JPG?h=bfa41935&itok=tsWYVpZs,https://www.f-w.com/projects/historic-school-building-gets-fresh-look
Dallas Municipal Building Renovation for UNT College of Law,University of North Texas,"Dallas, TX",Commissioning (Cx),Higher Education,https://www.f-w.com/sites/default/files/styles/large_hero_image_mobile_1x/public/UNT%20School%20of%20Law%20%28Dallas%20Muni%20Bldg%29%20IMG_1825%20-%20sized.jpg?h=9d1396ff&itok=2k7-W1P6,https://www.f-w.com/projects/historical-renovation-commissioned
"International Health and Wellness Center, Garden of the Gods Club and Resort",CSNA Architects,"Colorado Springs, CO",Electrical,"Commercial, Healthcare",https://www.f-w.com/sites/default/files/styles/large_hero_image_mobile_1x/public/Image-A_0873%20smaller%202.jpg?h=328cea1f&itok=Uq4PkzKv,https://www.f-w.com/projects/holistic-lighting-plan-integrated
University of West Georgia Humanities Building Renovation and Infrastructure Upgrades,University of West Georgia,"Carrollton, GA","Building Enclosure Commissioning (BECx), Commissioning (Cx)",Higher Education,https://www.f-w.com/sites/default/files/styles/large_hero_image_mobile_1x/public/UWG%20Humanities.png?h=63bfb7ce&itok=iUYpu90i,https://www.f-w.com/projects/humanities-building-renovation-and-infrastructure-upgrades-at-the-university-of-west
"Denver Federal Center, Multiple Building Retro-Commissioning Program",PM Services,"Lakewood, CO",Commissioning (Cx),DOD / Federal,https://www.f-w.com/sites/default/files/styles/large_hero_image_mobile_1x/public/B67a.JPG?h=7dcb60fd&itok=Hnyz8SW5,https://www.f-w.com/projects/identified-simple-solutions-for-complex-issues
Illinois Department of Transportation - Bridge Relocations,Illinois Department of Transportation District 8,"Multiple Locations, IL","Structural, Transportation",,https://www.f-w.com/sites/default/files/styles/large_hero_image_mobile_1x/public/IMG_5409.JPG?h=a141e9ea&itok=1sSfrK50,https://www.f-w.com/projects/idot-bridge-relocations
Illinois State Capitol Building Additions LEED Commissioning,Illinois Capital Development Board,"Springfield, IL",Commissioning (Cx),,https://www.f-w.com/sites/default/files/styles/large_hero_image_mobile_1x/public/ILSTATECAP.png?h=cd5a376d&itok=Q-ap5tzb,https://www.f-w.com/projects/illinois-state-capitol-building-additions-leed-commissioning
Illinois State Police Forensic Science Laboratory Renovatoin,Illinois Capital Development Board,"Joliet, IL","Architecture, Electrical, Interior Design, Mechanical, Plumbing",,https://www.f-w.com/sites/default/files/styles/large_hero_image_mobile_1x/public/Joliet-State-Crime-Lab-existing-lab-hoods-IMG_20190521_130155_larger-web_test.jpg?h=67780557&itok=VfiJe9x_,https://www.f-w.com/projects/illinois-state-police-forensic-science-laboratory-renovation
Boulder Reservoir Visitors Services Center,City of Boulder Parks and Recreation Department,"Boulder, CO","Architecture, Commissioning (Cx), Electrical, Interior Design, Land Development, Landscape Architecture, Mechanical, Plumbing, Structural",Parks & Recreation,https://www.f-w.com/sites/default/files/styles/large_hero_image_mobile_1x/public/Boulder%20Res%20exterior%20-30.jpg?h=7f7fd19f&itok=Ex1AzzC6,https://www.f-w.com/projects/improved-experience-for-reservoir-visitors
Downtown Paxton Improvement Study,City of Paxton,"Paxton, IL","Architecture, Landscape Architecture, Planning","Historic Preservation, Municipal",https://www.f-w.com/sites/default/files/styles/large_hero_image_mobile_1x/public/Pages-from-Final-Vision-Book_10-23-2017_Page_2.png?h=82f12f4a&itok=RMlCndW3,https://www.f-w.com/projects/improvement-study-gives-vision-to-downtown-paxton
Glavin Station,Southern Star Central Gas Pipeline,"Johnson County, KS","Electrical, Oil & Gas, Structural","Energy & Utilities, Oil & Gas",https://www.f-w.com/sites/default/files/styles/large_hero_image_mobile_1x/public/IMG_0174.JPG?h=167fa2e6&itok=esgxtYWD,https://www.f-w.com/projects/improvements-to-a-natural-gas-regulation-and-measurement-station
Add/Alter Gate 2 Entry Control Facility,HB&A Architects / U.S. Army Corps of Engineers,"F.E. Warren Air Force Base, WY","Electrical, Land Development, Mechanical",DOD / Federal,https://www.f-w.com/sites/default/files/styles/large_hero_image_mobile_1x/public/FE%20Warren%20Gate%202%20646_0.jpg?itok=dEAnQ35q,https://www.f-w.com/projects/improving-gate-security-at-fe-warren-afb
Crossroads Lift Station,South Fort Collins Sanitation District,"Loveland, CO","Engineering, Municipal, Surveying, Wastewater",Municipal,https://www.f-w.com/sites/default/files/styles/large_hero_image_mobile_1x/public/Crossroads%20Lift%20Station-Generator.JPG?h=5f62bdfc&itok=h0aRZjuY,https://www.f-w.com/projects/increased-lift-station-capacity-allows-for-growth
Hillcrest High School Storm Shelter Peer Review,Dallas Independent School District (DISD),"Dallas, TX","Architecture, Electrical, Mechanical","K-12 Education, ICC Storm Shelter Peer Review",https://www.f-w.com/sites/default/files/styles/large_hero_image_mobile_1x/public/Hillcrest%20HS%202A.JPG?h=19f14c2c&itok=gAvlnxzF,https://www.f-w.com/projects/independent-third-party-review-of-tornado-shelter
University of Georgia Lindsey Hopkins Indoor Tennis Facility Replacement,University of Georgia,"Athens, GA",Commissioning (Cx),Higher Education,https://www.f-w.com/sites/default/files/styles/large_hero_image_mobile_1x/public/UGA%20Tennis-larger.png?h=2d49d815&itok=rkn87fxc,https://www.f-w.com/projects/innovative-and-efficient-air-systems-for-the-university-of-georgia-lindsey-hopkins-indoor
Wastewater Collection and Treatment System,City of Lexington,"Lexington , IL","Electrical, Engineering, Mechanical, Municipal, Plumbing, Structural, Wastewater",Municipal,https://www.f-w.com/sites/default/files/styles/large_hero_image_mobile_1x/public/Lexington%201.jpg?h=adf6b549&itok=oOTJe2yq,https://www.f-w.com/projects/innovative-zero-discharge-wastewater-system
Panasonic's Enterprise Solutions,"Westfield Company, Inc.","Denver, CO",Interior Design,Commercial,https://www.f-w.com/sites/default/files/styles/large_hero_image_mobile_1x/public/Panasonic-2_0.jpg?itok=yt0HA8eZ,https://www.f-w.com/projects/integrated-global-technology
Apple Canyon Lake,Apple Canyon Lake Property Owners Association,"Apple River, IL","Architecture, Landscape Architecture",Parks & Recreation,https://www.f-w.com/sites/default/files/styles/large_hero_image_mobile_1x/public/FullSizeRender.jpg?h=84882155&itok=ikIn5uF4,https://www.f-w.com/projects/integrating-nature-with-the-built-environment
OMPA Lamb Power Plant,Southern Star Central Gas Pipeline,"Kay County , OK","Oil & Gas, Surveying",Oil & Gas,https://www.f-w.com/sites/default/files/styles/large_hero_image_mobile_1x/public/IMG_0747.JPG?itok=P-91FoPe,https://www.f-w.com/projects/interconnect-for-natural-gas-delivery-to-an-oklahoma-power-plant
Meadows at Mercy Creek,Meadows of Mennonite Retirement Community,"Normal, IL",Interior Design,Senior Life Care,https://www.f-w.com/sites/default/files/styles/large_hero_image_mobile_1x/public/Apartment.JPG?h=fee4874d&itok=EEiAVYTj,https://www.f-w.com/projects/interiors-renovated-to-welcome-residents
Christian Memorial Buehler Home Renovation,Christian Memorial Buehler Home,"Peoria, IL",Interior Design,Senior Life Care,https://www.f-w.com/sites/default/files/styles/large_hero_image_mobile_1x/public/Christian%20Buehler%20Nurse%20Station%201.JPG?h=156fdada&itok=MbgqRzie,https://www.f-w.com/projects/interiors-update-for-senior-living-facility
Downtown Intersection Improvements,City of Champaign,"Champagin, IL",Transportation,Municipal,https://www.f-w.com/sites/default/files/styles/large_hero_image_mobile_1x/public/IMG_0368.JPG?h=f03d1f75&itok=DGknpFTx,https://www.f-w.com/projects/intersection-improvements-increase-safety-downtown
Hickory Grove and Allen Road Intersection Reconstruction,Dunlap Community School District 323,"Peoria, IL",Transportation,"K-12 Education, Municipal",https://www.f-w.com/sites/default/files/styles/large_hero_image_mobile_1x/public/DJI00089.JPG?h=63cf6567&itok=y9kcj6yU,https://www.f-w.com/projects/intersection-reconstruction-to-support-new-school
Missouri Botanical Garden Jack C. Taylor Visitor Center,Missouri Botanical Garden,"St. Louis, MO","Building Enclosure Commissioning (BECx), Commissioning (Cx)",Parks & Recreation,https://www.f-w.com/sites/default/files/styles/large_hero_image_mobile_1x/public/MO%20Botanical%20Visitor%20Ctr%202_Northwest%20Aerial%20View_web_0.jpg?h=e874f6c8&itok=4OZTphI_,https://www.f-w.com/projects/introducing-the-transformed-missouri-botanical-gardens-jack-c-taylor-visitor-center
Edward Avenue and Taylor Avenue,Confidential Global Telecom Company,"Maryland Heights, MO",Engineering,"Energy & Utilities, Telecommunications",https://www.f-w.com/sites/default/files/styles/large_hero_image_mobile_1x/public/IMG_5549_Edited.png?h=d318f057&itok=tZJHYnUf,https://www.f-w.com/projects/investigation-of-cable-issues-for-successful-replacement
Iowa State University Enrollment Center Renovation,Iowa State University,"Ames, IA","Architecture, Building Enclosure Commissioning (BECx)",,https://www.f-w.com/sites/default/files/styles/large_hero_image_mobile_1x/public/01_0.jpg?h=71976bb4&itok=8NjTUuoY,https://www.f-w.com/projects/iowa-state-university-enrollment-center-renovation
Ronald Mcdonald House Charities of Central Illinois,Ronald Mcdonald House Charities of Central Illinois,"PEORIA, IL","Architecture, Commissioning (Cx), Electrical, Interior Design, Land Development, Landscape Architecture, Mechanical, Plumbing, Structural, Surveying",Healthcare,https://www.f-w.com/sites/default/files/styles/large_hero_image_mobile_1x/public/Photo%20Edit.jpg?h=790be497&itok=ZYsfKKhP,https://www.f-w.com/projects/keeping-families-close-peoria-ronald-mcdonald-house
KKTV Office and Studio Renovation,H.W. Houston,"Colorado Springs, CO","Electrical, Mechanical, Plumbing",Commercial,https://www.f-w.com/sites/default/files/styles/large_hero_image_mobile_1x/public/KKTV_hi-res-08.jpg?h=2e3eca71&itok=bEWUZOrQ,https://www.f-w.com/projects/kktv-office-and-studio-renovation
Knox College Green Oaks Biological Field Station Renovation,Knox College,"Victoria, IL",Architecture,Higher Education,https://www.f-w.com/sites/default/files/styles/large_hero_image_mobile_1x/public/Green-Oaks-Biological-Field-Station.png?h=0d5ad8f5&itok=9TW9C0Ah,https://www.f-w.com/projects/knox-college-green-oaks-biological-field-station-renovation
Lake Sara Pearson Peninsula,Lake Sara Forever Fund,"Effingham, IL",Landscape Architecture,Parks & Recreation,https://www.f-w.com/sites/default/files/styles/large_hero_image_mobile_1x/public/LS1.enlarged.jpg?h=730a296a&itok=dxG58Hp6,https://www.f-w.com/projects/lake-sara-pearson-peninsula-park
Carl Sandburg College Lakeside Master Plan,Carl Sandburg College,"Galesburg, IL","Architecture, Electrical, Landscape Architecture, Structural, Surveying",Higher Education,https://www.f-w.com/sites/default/files/styles/large_hero_image_mobile_1x/public/IMG_1618%20%282%29%20edit.jpg?h=5dfc5ece&itok=WAbJmJS1,https://www.f-w.com/projects/lakeside-master-plan-with-accessibility-upgrades
Lakeview Branch Library Renovation,Peoria Public Library,"Peoria, IL","Architecture, Electrical, Interior Design, Mechanical, Plumbing",Library & Cultural,https://www.f-w.com/sites/default/files/styles/large_hero_image_mobile_1x/public/_DSC0046_0.JPG?h=fee4874d&itok=smTfnP4B,https://www.f-w.com/projects/lakeview-branch-library-receives-renovation
Griffith Station - New Office & Shop Building,Marathon Pipe Line Company,"Griffith, IN","Engineering, Land Development, Surveying",Oil & Gas,https://www.f-w.com/sites/default/files/styles/large_hero_image_mobile_1x/public/IMG_2888%20Web.jpg?h=feba0e1d&itok=V7Ew8_6a,https://www.f-w.com/projects/land-development-for-a-new-office-building
College of the Desert - Nine Projects,College of the Desert,"Palm Desert, CA",Commissioning (Cx),Higher Education,https://www.f-w.com/sites/default/files/styles/large_hero_image_mobile_1x/public/College%20of%20the%20Desert%20141-sign%20removed_0.jpg?h=02ce9656&itok=nDjuVeeB,https://www.f-w.com/projects/leed-commissioning-services-abound
Staunton State Park – Multiple Projects,Colorado Division of Parks and Wildlife,"Conifer, CO","Engineering, Surveying",Parks & Recreation,https://www.f-w.com/sites/default/files/styles/large_hero_image_mobile_1x/public/Site%20tour%20photos%2010-1-07%20011.jpg?h=4e026002&itok=R-8eSYYP,https://www.f-w.com/projects/legacy-entrusted-to-master-planning-team
Arvada Marketplace Shopping Center,Pine Tree Development,"Arvada, CO",Architecture,Retail & Mixed Use,https://www.f-w.com/sites/default/files/styles/large_hero_image_mobile_1x/public/Arvada%20Marketplace-4.jpg?h=08d0ac25&itok=cjhyVYqs,https://www.f-w.com/projects/less-square-footage-creates-success
Lincoln Carnegie Branch Library Renovation & Expansion,Peoria Public Library,"Peoria, IL","Architecture, Electrical, Interior Design, Land Development, Landscape Architecture, Mechanical, Plumbing, Structural, Surveying","Historic Preservation, Library & Cultural",https://www.f-w.com/sites/default/files/styles/large_hero_image_mobile_1x/public/DSC_0142_%20less%20shadow.jpg?h=fee4874d&itok=8xFTRTQ4,https://www.f-w.com/projects/library-receives-update-addition
Peoria Downtown Main Library Renovation and Expansion,Peoria Public Library,"Peoria, IL","Architecture, Electrical, Interior Design, Landscape Architecture, Mechanical, Plumbing, Structural, Surveying",Library & Cultural,https://www.f-w.com/sites/default/files/styles/large_hero_image_mobile_1x/public/DSC_0034.JPG?h=fee4874d&itok=k7-SwOXI,https://www.f-w.com/projects/library-renovation-incorporates-natural-light
New Northside Suburban Branch Library,"Peoria, IL, Public Library","Peoria, IL",,Library & Cultural,https://www.f-w.com/sites/default/files/styles/large_hero_image_mobile_1x/public/DSC_0013_0.JPG?h=fee4874d&itok=jEllTlHJ,https://www.f-w.com/projects/library-serves-growing-population
Corpus Christi EF 90 Pipelines,Magellan Midstream Partners,"Corpus Christi, TX","Electrical, Mechanical, Oil & Gas, Structural, Surveying","Energy & Utilities, Oil & Gas",https://www.f-w.com/sites/default/files/styles/large_hero_image_mobile_1x/public/Corpus%202.jpg?h=0da20745&itok=nhq8SHHZ,https://www.f-w.com/projects/linking-pipeline-terminals-in-corpus-christi
Wildlife Prairie Park Lodging Master Plan,Wildlife Prairie Park,"Hanna City, IL","Architecture, Electrical, Interior Design, Landscape Architecture, Mechanical, Plumbing, Structural",Parks & Recreation,https://www.f-w.com/sites/default/files/styles/large_hero_image_mobile_1x/public/Wildlife%20Prairie%20Park%20large.jpg?h=d99db067&itok=PhtUn6fY,https://www.f-w.com/projects/lodging-offers-year-round-access-for-activities
Grand Entry Master Plan & Entry Sign,Western Illinois University,"Macomb, IL","Architecture, Electrical, Land Development, Landscape Architecture, Surveying",Higher Education,https://www.f-w.com/sites/default/files/styles/large_hero_image_mobile_1x/public/2B%20-%204-9-13.jpg?h=0a6c2a7a&itok=7s7bX2dW,https://www.f-w.com/projects/macomb-campus-entry-adds-iconic-monument-sign
Aspen Bus Maintenance Facility Retro-Commissioning,Roaring Fork Transportation Authority,"Aspen, CO",Commissioning (Cx),"Industrial, Municipal",https://www.f-w.com/sites/default/files/styles/large_hero_image_mobile_1x/public/RFTA%20080408%20125.jpg?h=feba0e1d&itok=GW9SB9ec,https://www.f-w.com/projects/maintenance-facility-considers-sustainability
Sugar Creek Branch Master Plan,Bloomington-Normal Water Reclamation District,"Bloomington-Normal, IL","Landscape Architecture, Planning, Transportation",Municipal,https://www.f-w.com/sites/default/files/styles/large_hero_image_mobile_1x/public/Trail-Veiw.png?h=653153ef&itok=t4OowqWo,https://www.f-w.com/projects/master-plan-for-constitution-trail-addition
Kirby Medical Master Plan,Kirby Medical Center,"Monticello, IL","Architecture, Planning",Healthcare,https://www.f-w.com/sites/default/files/styles/large_hero_image_mobile_1x/public/Campus%20Master%20Plan%20on%20Aerial_0.jpg?h=f6a63379&itok=gzsRkP0S,https://www.f-w.com/projects/master-plan-leads-to-development-success
College Master Plan Update,Carl Sandburg College,"Galesburg, IL","Architecture, Interior Design",Higher Education,https://www.f-w.com/sites/default/files/styles/large_hero_image_mobile_1x/public/DSC04016.JPG?h=30c08e7f&itok=sijkJZYS,https://www.f-w.com/projects/master-planning-process-greens-up-college-campus
Mattoon Service Center,Confidential Client,"Mantoon, IL","Architecture, Interior Design",Commercial,https://www.f-w.com/sites/default/files/styles/large_hero_image_mobile_1x/public/BCBS_Mattoon_Ext_04%20-%20For%20Prinicapls%20meeting.jpg?h=1dd3cf61&itok=RU343EmM,https://www.f-w.com/projects/mattoon-service-center
Tarrant County College Northwest Campus Redevelopment,Tarrant County College District,"Fort Worth, TX","Building Enclosure Commissioning (BECx), Commissioning (Cx)",Higher Education,https://www.f-w.com/sites/default/files/styles/large_hero_image_mobile_1x/public/NW-Campus-c01-scaled-1-larger.png?h=837bb946&itok=Gt0vhpQT,https://www.f-w.com/projects/maximizing-potential-full-building-commissioning-for-tarrant-county-college-northwest
Meadow Lake Wind Farm Site and O&M Building,Horizon Wind Energy,"White County, IN","Architecture, Electrical, Engineering, Mechanical, Plumbing, Surveying, Transportation","Energy & Utilities, Industrial, Renewables",https://www.f-w.com/sites/default/files/styles/large_hero_image_mobile_1x/public/IMG_1114.jpg?h=30c08e7f&itok=88DDPfkM,https://www.f-w.com/projects/meadow-lake-wind-farm-in-white-county-indiana
CornerStar Healthcare Plaza,Health Connect Properties,"Aurora, CO","Architecture, Interior Design","Commercial, Healthcare",https://www.f-w.com/sites/default/files/styles/large_hero_image_mobile_1x/public/_MCJ3764-Edit.jpg?h=d9d4a10a&itok=d4ZjRmoJ,https://www.f-w.com/projects/medical-meets-retail
Grange Grove - West Memorial Stadium,University of Illinois at Urbana-Champaign,"Champaign, IL","Electrical, Land Development","Higher Education, Parks & Recreation",https://www.f-w.com/sites/default/files/styles/large_hero_image_mobile_1x/public/2015-09-02%2014.37.30.jpg?h=29234840&itok=y-UmEhqI,https://www.f-w.com/projects/memorial-stadium-offers-recreational-plaza
McLean County Law and Justice Center Jail Expansion,"McLean County, Illinois","Bloomington, IL","Architecture, Commissioning (Cx), Electrical, Interior Design, Land Development, Landscape Architecture, Mechanical, Plumbing, Structural",Municipal,https://www.f-w.com/sites/default/files/styles/large_hero_image_mobile_1x/public/Justice%20Center%20dusk%201.jpg?h=5ae047e1&itok=0Ba-ekAK,https://www.f-w.com/projects/mental-health-services-drive-jail-expansion
Lowry Eating Recovery Clinic,Boulder Associates,"Denver, CO","Commissioning (Cx), Electrical, Mechanical, Plumbing",Healthcare,https://www.f-w.com/sites/default/files/styles/large_hero_image_mobile_1x/public/Lowry%20Eating%20Recovery%20Center%202.jpg?h=51a72048&itok=J6HO4I0W,https://www.f-w.com/projects/mep-for-recovery-center
Methodist College New Campus,Methodist College,"Peoria, IL","Architecture, Electrical, Interior Design, Landscape Architecture, Mechanical, Plumbing, Structural, Surveying",Higher Education,https://www.f-w.com/sites/default/files/styles/large_hero_image_mobile_1x/public/3BHP3791.JPG?h=0d27ee61&itok=GD39jVHQ,https://www.f-w.com/projects/methodist-college-new-campus
Danville Mini Park and Bus Shelter,City of Danville,"Danville, IL","Architecture, Landscape Architecture, Municipal, Structural",Municipal,https://www.f-w.com/sites/default/files/styles/large_hero_image_mobile_1x/public/IMG_0459%20EDIT.jpg?h=71976bb4&itok=13jZXRY8,https://www.f-w.com/projects/mini-park-brings-oasis-of-green-to-city
Centennial Civic Center,City of Centennial,"Centennial, CO","Architecture, Electrical, Interior Design, Mechanical",Municipal,https://www.f-w.com/sites/default/files/styles/large_hero_image_mobile_1x/public/Centennial%20Civic%20Center-0001.jpg?h=89bf804a&itok=40euFzEv,https://www.f-w.com/projects/minimalist-design-preference-realized
Minnequa Reservoir and Pump Station Watermain Improvements,City of Florence,"Florence, CO",Engineering,Municipal,https://www.f-w.com/sites/default/files/styles/large_hero_image_mobile_1x/public/2013-10-31%2015.49.31.jpg?h=a5eb5da0&itok=AGSQzj88,https://www.f-w.com/projects/mitigation-of-high-seepage-loss-in-a-reservoir
Echo Bluff State Park,State of Missouri,"Shannon County, MO","Architecture, Electrical, Interior Design, Landscape Architecture, Mechanical, Plumbing, Structural, Surveying",Parks & Recreation,https://www.f-w.com/sites/default/files/styles/large_hero_image_mobile_1x/public/DSC_0047.jpg?h=790be497&itok=plGDInfK,https://www.f-w.com/projects/modern-yet-rustic-flair
West Palm Beach Veterans Affairs Health Care System,US Department of Veterans Affairs,"West Palm Beach, FL","Architecture, Building Enclosure Commissioning (BECx), Commissioning (Cx), Electrical, Mechanical, Plumbing, Structural, Surveying","DOD / Federal, Healthcare",https://www.f-w.com/sites/default/files/styles/large_hero_image_mobile_1x/public/VA-Hospital-Veterans-Affairs-Medical-Center-West-Palm-Beach-sm-1-larger.png?h=837bb946&itok=QaeZRFha,https://www.f-w.com/projects/modernizing-excellence-transforming-the-veterans-affairs-health-care-system-in-west-palm
Morrison Community Hospital - Emergency Department Renovations,Morrison Community Hospital,"Morrison, IL","Architecture, Electrical, Fire Protection, Interior Design, Mechanical, Plumbing, Structural",Healthcare,https://www.f-w.com/sites/default/files/styles/large_hero_image_mobile_1x/public/MCH%20ED%20Addition%20-%20from%20helipad.jpg?h=4d40fd2e&itok=hw6WHF9Z,https://www.f-w.com/projects/morrison-community-hospital-emergency-department-renovations
Morrison Community Hosptial - Renovation and Expansion,Morrison Community Hosptial,"Morrison, IL","Architecture, Electrical, Fire Protection, Interior Design, Mechanical, Plumbing",Healthcare,https://www.f-w.com/sites/default/files/styles/large_hero_image_mobile_1x/public/Farnsworth_MCH-19.jpg?h=43223b40&itok=Aqw-0piC,https://www.f-w.com/projects/morrison-community-hospital-renovation-and-expansion
Morton Family Aquatic Center,Morton Park District,"Morton, IL","Architecture, Electrical, Land Development, Landscape Architecture, Mechanical, Plumbing, Structural",Parks & Recreation,https://www.f-w.com/sites/default/files/styles/large_hero_image_mobile_1x/public/DSC_0192.JPG?h=623f249a&itok=8QdDKyOy,https://www.f-w.com/projects/morton-outdoor-family-aquatic-center
Mt. Vernon Police Station,City of Mt. Vernon,"Mt. Vernon, IL","Architecture, Electrical, Interior Design, Mechanical, Plumbing",Municipal,https://www.f-w.com/sites/default/files/styles/large_hero_image_mobile_1x/public/MVPD_Exterior_01_Full.jpg?h=8435ce78&itok=9VeoV7sF,https://www.f-w.com/projects/mt-vernon-police-station
Hospital Sisters of Saint Francis,Hospital Sisters of Saint Francis,"Springfield, IL","Architecture, Landscape Architecture, Structural",Senior Life Care,https://www.f-w.com/sites/default/files/styles/large_hero_image_mobile_1x/public/DSC_0414%20edited.jpg?h=bfa41935&itok=neuxZXSL,https://www.f-w.com/projects/multi-phased-design-build-project
Methodist North at Allen Road,PJ Hoerr,"Peoria, IL","Architecture, Electrical, Interior Design, Landscape Architecture, Mechanical, Plumbing, Structural, Surveying, Transportation",Healthcare,https://www.f-w.com/sites/default/files/styles/large_hero_image_mobile_1x/public/IMG_3436_0.jpg?h=1389ae57&itok=zieqNj4Y,https://www.f-w.com/projects/multi-practice-medical-office-building
Trutter Center,Lincoln Land Community College,"Springfield, IL","Architecture, Interior Design",Higher Education,https://www.f-w.com/sites/default/files/styles/large_hero_image_mobile_1x/public/exterior%20dark.jpg?h=370de11b&itok=CD-mi3tY,https://www.f-w.com/projects/multi-purpose-meeting-facility-adds-flexibility-to-campus
20-Year Office Space and Housing Strategic Plan,Roaring Fork Transportation Authority,"Carbondale, CO",Architecture,Municipal,https://www.f-w.com/sites/default/files/styles/large_hero_image_mobile_1x/public/CMF%20Aerial.jpg?h=d80353ca&itok=VWK42lyP,https://www.f-w.com/projects/multiphase-project-develops-strategic-20-year-plan
"Multiple, Third-Party ICC 500 Storm Shelter Reviews",Dallas Independent School District (DISD),"Dallas, TX","Architecture, Electrical, Mechanical, Plumbing, Structural","K-12 Education, ICC Storm Shelter Peer Review",https://www.f-w.com/sites/default/files/styles/large_hero_image_mobile_1x/public/Hillcrest%20HS%202A_0.JPG?h=19f14c2c&itok=TvH3i1pe,https://www.f-w.com/projects/multiple-storm-shelter-reviews-for-dallas-district
REX-NGPL Station 311 Interconnect,"Natural Gas Pipeline Company of America, LLC","Hammond, IL","Electrical, Mechanical, Oil & Gas, Surveying","Energy & Utilities, Oil & Gas",https://www.f-w.com/sites/default/files/styles/large_hero_image_mobile_1x/public/DSC01501_0.JPG?h=7ccb2969&itok=50rzn9eN,https://www.f-w.com/projects/natural-gas-interconnect
Natural Gas Pipeline Interconnect Projects,,Nationwide,Oil & Gas,Oil & Gas,https://www.f-w.com/sites/default/files/styles/large_hero_image_mobile_1x/public/2010%20Jul%2022_0484.JPG?h=adbb760b&itok=bD-BFG-J,https://www.f-w.com/projects/natural-gas-pipeline-interconnect-projects
Bellco Credit Union Branches,Bellco Credit Union,,"Architecture, Interior Design",Commercial,https://www.f-w.com/sites/default/files/styles/large_hero_image_mobile_1x/public/Bellco-Havana%20and%20Mississippi-2.jpg?itok=oEGhB4Ni,https://www.f-w.com/projects/neighborhood-jewels
Pueblo Community Health Center East Side Clinic,RTA Architects,"Pueblo, CO","Commissioning (Cx), Electrical, Mechanical, Plumbing","Energy & Utilities, Healthcare",https://www.f-w.com/sites/default/files/styles/large_hero_image_mobile_1x/public/PCHC-Exterior-24741---EDIT.jpg?h=a7893e5f&itok=aCZElmKH,https://www.f-w.com/projects/net-zero-road-map-achieved
Peoria High School Athletic Fields,Peoria Public Schools District 150,"Peoria, IL","Architecture, Electrical, Land Development, Structural, Surveying","K-12 Education, Parks & Recreation",https://www.f-w.com/sites/default/files/styles/large_hero_image_mobile_1x/public/_DSC0071.JPG?h=fee4874d&itok=WwjhLgw9,https://www.f-w.com/projects/new-athletic-facilities-delight-local-high-school
Camp Shelby Operational Readiness Training Complex Barracks,Mississippi Army National Guard / Mississippi Department of the Military,"Hattiesburg, MS",Commissioning (Cx),DOD / Federal,https://www.f-w.com/sites/default/files/styles/large_hero_image_mobile_1x/public/Camp%20Shelby%20const%20Oct2013_1537%20toned.jpg?itok=R2SJlCsq,https://www.f-w.com/projects/new-barracks-for-national-guard-training-center
New Bleachers & Press Box for Washington Community High School,Washington Community High School,"Washington, IL","Architecture, Electrical, Landscape Architecture, Structural","K-12 Education, Parks & Recreation",https://www.f-w.com/sites/default/files/styles/large_hero_image_mobile_1x/public/Washington%20final%20bleacher%20photo.jpg?h=790be497&itok=rvmyRNm4,https://www.f-w.com/projects/new-bleachers-press-box-for-washington-community-high-school
Wheeler Bridge Over Sinking Creek,State of Missouri Office of Administration and Missouri State Parks,"Shannon County, MO","Land Development, Structural, Surveying, Transportation",Parks & Recreation,https://www.f-w.com/sites/default/files/styles/large_hero_image_mobile_1x/public/Bridge.JPG?h=29234840&itok=9EoxULpv,https://www.f-w.com/projects/new-bridge-over-sinking-creek
Richwoods Christian Church,Richwoods Christian Church,"Peoria, IL","Architecture, Electrical, Mechanical, Plumbing, Structural",,https://www.f-w.com/sites/default/files/styles/large_hero_image_mobile_1x/public/richwoods%20church%20ext%20copy.jpg?itok=k3n394Wn,https://www.f-w.com/projects/new-church-facility
Crossing Trails Wind Farm Site,Horizon Wind Energy,"Kit Carson County, CO","Engineering, Surveying, Transportation","Energy & Utilities, Industrial, Renewables",https://www.f-w.com/sites/default/files/styles/large_hero_image_mobile_1x/public/Crossing%20Trails%20Control%202%20010.jpg?h=c7d97968&itok=HJWWXoks,https://www.f-w.com/projects/new-crossing-trails-wind-farm-planned-for-kit-carson
New Headworks and Dewatering Buildings- South Fort Collins Sanitation District,South Fort Collins Sanitation District,"Fort Collins, CO","Engineering, Surveying, Wastewater",Municipal,https://www.f-w.com/sites/default/files/styles/large_hero_image_mobile_1x/public/SFCS016-edited_0.jpg?h=8a6d63f3&itok=VggYk0oz,https://www.f-w.com/projects/new-facilities-double-districts-capacity
Downs Fire Station,"Downs, IL","Downs, IL","Architecture, Electrical, Engineering, Land Development, Mechanical, Municipal, Plumbing, Structural",Municipal,https://www.f-w.com/sites/default/files/styles/large_hero_image_mobile_1x/public/Downs%20Fire%20truck%20bays%20-%20web.jpg?h=feba0e1d&itok=5KOr-hXP,https://www.f-w.com/projects/new-fire-station-houses-seven-apparatus-bays-one-wash-bay
New Greenfield Semi-Conductor Fab Complex,Confidential Client,,"Architecture, Process Piping",Advanced Manufacturing & Technology,https://www.f-w.com/sites/default/files/styles/large_hero_image_mobile_1x/public/AdobeStock_718151270.jpeg?h=ef0b945c&itok=xe9sWaEI,https://www.f-w.com/projects/new-greenfield-semi-conductor-fab-complex
Morton High School Athletic Fields,Morton District 709 Schools,"Morton, IL","Architecture, Electrical, Landscape Architecture, Mechanical, Plumbing, Structural, Surveying","K-12 Education, Parks & Recreation",https://www.f-w.com/sites/default/files/styles/large_hero_image_mobile_1x/public/website%20slideshow%20template%20Morton%20football%20field.jpg?h=93fddeb0&itok=DrPYZKgX,https://www.f-w.com/projects/new-high-school-athletic-fields
Washington Community High School District 308 Renovations,Washington Community High School,"Washington, IL","Architecture, Electrical, Engineering, Interior Design, Landscape Architecture, Mechanical, Plumbing, Structural, Surveying",K-12 Education,https://www.f-w.com/sites/default/files/styles/large_hero_image_mobile_1x/public/JN2_6904%20%28cropped%29.jpg?h=9cf65783&itok=qeeWdmDo,https://www.f-w.com/projects/new-high-school-band-chorus-room-addition
Orchard Town Center,Vestar,"Westminster, CO","Architecture, Structural","Commercial, Retail & Mixed Use",https://www.f-w.com/sites/default/files/styles/large_hero_image_mobile_1x/public/20170825_152237.jpg?h=69d5bf00&itok=WR-h3eFL,https://www.f-w.com/projects/new-identity-draws-patrons-and-tenants
New Laboratory & Drive-Thru Services Facility at Springfield Clinic,Springfield Clinic,"Springfield, IL","Architecture, Interior Design, Structural",Healthcare,https://www.f-w.com/sites/default/files/styles/large_hero_image_mobile_1x/public/Spfld_Clinic_Lab_Int_06.jpeg?h=9855f42d&itok=AnnDw-xt,https://www.f-w.com/projects/new-laboratory-drive-thru-services-facility-at-springfield-clinic
Harmony Ridge Lift Station,Boxelder Sanitation District,"Fort Collins, CO","Architecture, Engineering",,https://www.f-w.com/sites/default/files/styles/large_hero_image_mobile_1x/public/Harmony%20Ridge%20LS-3.JPG?itok=Dx2ANBzP,https://www.f-w.com/projects/new-lift-station-expands-districts-service-area
Murray Baker Bridge Exterior Lighting,"City of Peoria, Illinois","Peoria, IL","Electrical, Landscape Architecture, Transportation",Municipal,https://www.f-w.com/sites/default/files/styles/large_hero_image_mobile_1x/public/DSC_0666_edit_0.jpg?h=790be497&itok=uCNJu3oo,https://www.f-w.com/projects/new-lights-highlight-iconic-bridge-superstructure
Transmix Processing Facility,"Kinder Morgan, Inc.","St. Louis, MO","Electrical, Oil & Gas, Structural","Energy & Utilities, Oil & Gas",https://www.f-w.com/sites/default/files/styles/large_hero_image_mobile_1x/public/Transmix%202.jpg?h=a5eb5da0&itok=ojZte286,https://www.f-w.com/projects/new-location-for-petroleum-transmix-processing-facility
Illinois Medical Center,PJ Hoerr,"Peoria, IL","Architecture, Electrical, Interior Design, Land Development, Landscape Architecture, Mechanical, Plumbing, Structural, Surveying","Healthcare, Higher Education",https://www.f-w.com/sites/default/files/styles/large_hero_image_mobile_1x/public/IMG_4097.jpg?h=1389ae57&itok=iY2qS_Vd,https://www.f-w.com/projects/new-mob-for-college-of-medicine
Dominican Monastery of Mary the Queen,,"Girard, IL","Architecture, Interior Design",,https://www.f-w.com/sites/default/files/styles/large_hero_image_mobile_1x/public/Night%20Aerial%202.jpg?h=8f74817f&itok=N05Nw00Q,https://www.f-w.com/projects/new-monastery-provides-contemplative-spaces-for-worship
New Libman Company Office Building,The Libman Company,"Arcola, IL","Architecture, Interior Design",,https://www.f-w.com/sites/default/files/styles/large_hero_image_mobile_1x/public/_7DL5958RT__0.jpg?itok=oN81prPe,https://www.f-w.com/projects/new-office-building-on-the-libman-company-campus
"El Paso Strauss 8"" Pipeline",Magellan Midstream Partners,"El Paso, TX","Oil & Gas, Surveying",Oil & Gas,https://www.f-w.com/sites/default/files/styles/large_hero_image_mobile_1x/public/IMG_0424.JPG?itok=UX71eRPa,https://www.f-w.com/projects/new-pipeline-through-new-mexico-and-texas
Toyo Manufacturing Plant,"Takenaka, U.S.A.","Bloomington, IL","Architecture, Land Development",Industrial,https://www.f-w.com/sites/default/files/styles/large_hero_image_mobile_1x/public/Toyo%20Manufacturing%20Original%20Building%20-%202_0.JPG?h=e0f0083d&itok=j0wEIJ0e,https://www.f-w.com/projects/new-plant-for-auto-replacement-parts-producer
Will County Public Safety Building,Will County,"Joliet, IL",Commissioning (Cx),Municipal,https://www.f-w.com/sites/default/files/styles/large_hero_image_mobile_1x/public/0161090.00%20-%20Will%20County%20Public%20Safety%20Complex%20Photo%20%283%29.jpg?h=4020f943&itok=2l8vdDbO,https://www.f-w.com/projects/new-public-safety-building-in-will-county
Indoor Health and Wellness Center,Urbana Park District,"Urbana, IL","Architecture, Landscape Architecture, Stormwater Management",Parks & Recreation,https://www.f-w.com/sites/default/files/styles/large_hero_image_mobile_1x/public/CMMcGuire-20241220-0796-web.png?h=44c3b064&itok=qb7MGZyl,https://www.f-w.com/projects/new-recreation-center-serves-the-community
Joe Green Residence Hall and Visitors Center,University of North Texas,"Denton, TX",Building Enclosure Commissioning (BECx),Higher Education,https://www.f-w.com/sites/default/files/styles/large_hero_image_mobile_1x/public/UNT%202018%20Res%20Hall%20-%20WEB.png?h=1e28755c&itok=05jhwYzE,https://www.f-w.com/projects/new-residence-hall-targets-leed-gold-certification
New Sports Complex,Deer Creek-Mackinaw CUSD 701,"Mackinaw, IL","Architecture, Electrical, Landscape Architecture, Mechanical, Plumbing, Structural","K-12 Education, Parks & Recreation",https://www.f-w.com/sites/default/files/styles/large_hero_image_mobile_1x/public/DJI_0213.JPG?h=da92fc0b&itok=z4ovM5GW,https://www.f-w.com/projects/new-sports-complex-for-dee-mack-schools
CSO McKnight Southeast of HIghway 40,Metropolitan St. Louis Sewer District,"St. Louis, MO","Surveying, Wastewater",Municipal,https://www.f-w.com/sites/default/files/styles/large_hero_image_mobile_1x/public/msd%20project%20photos%20009.jpg?h=a5eb5da0&itok=Zz5O-iQY,https://www.f-w.com/projects/new-storm-sewer-system-in-st-louis
Virginia New Water Treatment Plant & Regional Distribution System,City of Virginia,"Virginia, IL","Architecture, Electrical, Engineering, Mechanical, Municipal, Plumbing, Structural, Surveying",Municipal,https://www.f-w.com/sites/default/files/styles/large_hero_image_mobile_1x/public/FarnsworthGroup1.jpg?h=a5eb5da0&itok=N14_dGE_,https://www.f-w.com/projects/new-treatment-plant-and-distribution-system
Emich Volkswagen,W.E. O'Neil,"Denver, CO","Architecture, Electrical, Engineering, Mechanical","Commercial, Retail & Mixed Use",https://www.f-w.com/sites/default/files/styles/large_hero_image_mobile_1x/public/farnsworth_emich%20vw%20denver_photo%20by%20timothy%20gormley_www.tgimage.com_03.jpg?h=2992ba0a&itok=HVn8E7Tm,https://www.f-w.com/projects/new-volkswagen-dealership-for-denver
Will County Courthouse,Will County,"Joliet, IL","Building Enclosure Commissioning (BECx), Commissioning (Cx)",Municipal,https://www.f-w.com/sites/default/files/styles/large_hero_image_mobile_1x/public/1423_001%20edit.jpg?h=25242eed&itok=xROGixRO,https://www.f-w.com/projects/new-will-county-courthouse
"YMCA of Springfield, Illinois",YMCA,"Springfield, IL","Architecture, Interior Design",Parks & Recreation,https://www.f-w.com/sites/default/files/styles/large_hero_image_mobile_1x/public/YMCA_DT_Ext_03_MuchowPhotography%20-%20Copy_0.jpg?h=7b71056d&itok=VwmA5Fcf,https://www.f-w.com/projects/new-ymca-serves-as-community-landmark
Rush Creek Exposure,Confidential,Kansas,"Oil & Gas, Surveying",Oil & Gas,https://www.f-w.com/sites/default/files/styles/large_hero_image_mobile_1x/public/081.jpg?itok=Pqm7bcBK,https://www.f-w.com/projects/non-invasive-response-to-rush-creek-pipeline-exposure
Northern Water Campus Expansion,Northern Water,"Berthoud, CO","Land Development, Surveying",Municipal,https://www.f-w.com/sites/default/files/styles/large_hero_image_mobile_1x/public/DSCN0108_0.JPG?h=94b28deb&itok=q7As1zVw,https://www.f-w.com/projects/northern-water-campus-expansion
Northern Water Willow Creek Campus,Northern Water,"Granby, CO","Land Development, Surveying",Municipal,https://www.f-w.com/sites/default/files/styles/large_hero_image_mobile_1x/public/DJI_20220901105644_0082.JPG?h=5767db86&itok=HDozA2W-,https://www.f-w.com/projects/northern-water-willow-creek-campus
"Vehicle Vault Event Center, Museum and Country Club",Vehicle Vault,"Parker, CO","Architecture, Interior Design","Commercial, Library & Cultural",https://www.f-w.com/sites/default/files/styles/large_hero_image_mobile_1x/public/Vehicle%20Vault%20-36.jpg?h=2050bde3&itok=DiN4qS3Y,https://www.f-w.com/projects/not-your-average-car-museum
On-Call Services,Roaring Fork Transportation Authority,"Aspen, CO","Architecture, Commissioning (Cx), Electrical, Land Development, Landscape Architecture, Mechanical, Plumbing","Industrial, Municipal",https://www.f-w.com/sites/default/files/styles/large_hero_image_mobile_1x/public/IMG_1819%20no%20date.jpg?h=30c08e7f&itok=ZBzT91rw,https://www.f-w.com/projects/on-call-agreement-spans-multiple-services
Capline 40-Inch Crude Purge and Idle,Marathon Petroleum Company LP,Nationwide,Oil & Gas,"Energy & Utilities, Oil & Gas",https://www.f-w.com/sites/default/files/styles/large_hero_image_mobile_1x/public/IMG_0908.JPG?h=71976bb4&itok=qe_ETx4K,https://www.f-w.com/projects/one-of-the-largest-pipeline-nitrogen-purges-ever-executed
Center for Integrated Wellness,Signet Central Illinois LLC (Signet Enterprises),"Bloomington, IL","Architecture, Interior Design, Land Development, Landscape Architecture",Healthcare,https://www.f-w.com/sites/default/files/styles/large_hero_image_mobile_1x/public/Center%20for%20Integrated%20Wellness%20weights_090722.jpg?h=d08f423e&itok=Ai9jyGm_,https://www.f-w.com/projects/one-stop-for-fitness
Ongoing Services,Illinois State University,"Normal, CO","Architecture, Asset Management, Electrical, Interior Design, Land Development, Mechanical, Structural",Higher Education,https://www.f-w.com/sites/default/files/styles/large_hero_image_mobile_1x/public/ISU%20Chiller%20Exterior%20retouched%20web.jpg?h=4336651d&itok=lVtG8XT3,https://www.f-w.com/projects/ongoing-services-for-illinois-state-university
Peoria Riverfront Museum,"County of Peoria, Illinois","Peoria, IL",Commissioning (Cx),Library & Cultural,https://www.f-w.com/sites/default/files/styles/large_hero_image_mobile_1x/public/Peoria%201%20cropped.jpg?h=268b2dbe&itok=WA1jyl5h,https://www.f-w.com/projects/ongoing-services-for-peoria-riverfront-museum
OSF Saint Francis Medical Center Various Projects,OSF Healthcare,"Peoria, IL","Architecture, Commissioning (Cx), Electrical, Engineering, Interior Design, Mechanical, Plumbing, Structural",Healthcare,https://www.f-w.com/sites/default/files/styles/large_hero_image_mobile_1x/public/IMG_1689.jpg?h=71976bb4&itok=xOGg4Cyv,https://www.f-w.com/projects/osf-st-francis-medical-center-various-projects
OSF St. Joseph Various Projects,OSF Healthcare,"Bloomington, IL","Architecture, Building Enclosure Commissioning (BECx), Commissioning (Cx), Electrical, Interior Design, Mechanical, Plumbing, Structural",Healthcare,https://www.f-w.com/sites/default/files/styles/large_hero_image_mobile_1x/public/IMG_1129.JPG?h=a5eb5da0&itok=25CF3i86,https://www.f-w.com/projects/osf-st-joseph-medical-various-projects
Brookens Library Renovation & Classroom Addition,University of Illinois Springfield,"Springfield, IL","Architecture, Interior Design","Higher Education, Library & Cultural",https://www.f-w.com/sites/default/files/styles/large_hero_image_mobile_1x/public/Brookens_Library_Int_18.jpg?h=16214cf9&itok=xPSSuTJU,https://www.f-w.com/projects/outdated-library-becomes-a-campus-destination
Lincoln Elementary School,Iowa City Community School District,"Iowa City, IA",Architecture,K-12 Education,https://www.f-w.com/sites/default/files/styles/large_hero_image_mobile_1x/public/18239-%2000153%20F.jpg?h=b6b2a568&itok=3P-hkqfS,https://www.f-w.com/projects/outside-the-box-option-leads-to-expanded-space
Pana Community Hospital,Pana Community Hospital,"Pana, IL","Architecture, Electrical, Interior Design, Landscape Architecture, Mechanical, Plumbing, Structural",Healthcare,https://www.f-w.com/sites/default/files/styles/large_hero_image_mobile_1x/public/Pana_Comm_Hosp_Ext_01_MuchowPhotography_full.jpg?h=460cf8a6&itok=khG7jHqs,https://www.f-w.com/projects/pana-commits-to-community-hospital
PFC Robert C. Burke Memorial Park Master Plan,City of Monticello,"Monticello, IL","Landscape Architecture, Planning",Municipal,https://www.f-w.com/sites/default/files/styles/large_hero_image_mobile_1x/public/Contemporary%20Sculpture_enl2.jpg?h=86a59a23&itok=ic56NH9r,https://www.f-w.com/projects/park-makeover-honors-national-hero
Boulder County Minor Structures,Alfred Benesch & Company,"Boulder, CO","Engineering, Municipal, Subsurface Utility Engineering (SUE), Surveying",Municipal,https://www.f-w.com/sites/default/files/styles/large_hero_image_mobile_1x/public/DSCN5959.JPG?h=94b28deb&itok=lShtmf7l,https://www.f-w.com/projects/partnering-for-success
Larry Gabriel Bridge,Geneva Park District,"Geneva, IL","Engineering, Municipal, Structural, Transportation","Municipal, Parks & Recreation",https://www.f-w.com/sites/default/files/styles/large_hero_image_mobile_1x/public/Gabriel%20Bridge%201.jpg?h=036a71b7&itok=RGiVtoqb,https://www.f-w.com/projects/pedestrian-bridge-redesigned
Lake Avenue Cottages,Private Developer,"Peoria, IL","Land Development, Landscape Architecture, Surveying",,https://www.f-w.com/sites/default/files/styles/large_hero_image_mobile_1x/public/lake%20ave%2010-17-14.jpg?itok=0ddHhjUX,https://www.f-w.com/projects/peoria-illinois-pocket-neighborhood
Pepsi Center Retro-Commissioning,Kroenke Sports Enterprises,"Denver, CO",Retro-Commissioning (RCx),Commercial,https://www.f-w.com/sites/default/files/styles/large_hero_image_mobile_1x/public/Pepsi-Center-003.jpg?h=4fcd1acd&itok=X32aGlxE,https://www.f-w.com/projects/pepsi-center-retro-commissioning
Penrose Hospital Pharmacy Replacement,RTA Architects,"Colorado Springs, CO","Electrical, Mechanical, Plumbing",Healthcare,https://www.f-w.com/sites/default/files/styles/large_hero_image_mobile_1x/public/2023-Penrose%20Pharmacy-SmithGroupFarnsworthGEJohnson-TheUnfoundDoor-5_0.jpg?h=5ad98189&itok=soHgJbfi,https://www.f-w.com/projects/pharmacy-replacement-at-penrose-hospital
Pioneer Park Wind Farm O&M Building,Horizon Wind Energy,"LeRoy, MN","Architecture, Electrical, Engineering, Interior Design, Mechanical, Plumbing","Energy & Utilities, Industrial, Renewables",https://www.f-w.com/sites/default/files/styles/large_hero_image_mobile_1x/public/P1020531.JPG?h=a5eb5da0&itok=X7SD_YxI,https://www.f-w.com/projects/pioneer-prairie-wind-farm-in-leroy-minnesota
Pioneer Trail Wind Farm,"E.ON Climate and Renewables, North America","Ford & Iroquois Counties, IL","Surveying, Transportation","Energy & Utilities, Renewables",https://www.f-w.com/sites/default/files/styles/large_hero_image_mobile_1x/public/Wind%20Frm_8-30-11_028_Ford%20Co.JPG?h=7685ba0d&itok=xu1SnLpb,https://www.f-w.com/projects/pioneer-trail-wind-farm
Cornerstone Pipeline Commissioning,Marathon Petroleum LP,"Cadiz, OH",Oil & Gas,"Energy & Utilities, Oil & Gas",,https://www.f-w.com/projects/pipeline-commissioning-plan-provides-successful-flow-of-natural-gas-liquids
Louisville International Airport,Marathon Pipe Line LLC,"Louisville, KY","Oil & Gas, Surveying","Energy & Utilities, Oil & Gas",https://www.f-w.com/sites/default/files/styles/large_hero_image_mobile_1x/public/Project%20Page%20Photo_cropped%20for%20web_1.jpg?h=12bd73b8&itok=XpJlMy73,https://www.f-w.com/projects/pipeline-replacement-to-accommodate-a-new-aircraft-taxiway
Fairfax Bridge,Magellan Midstream Partners,"Kansas City, MO",Oil & Gas,"Energy & Utilities, Oil & Gas",https://www.f-w.com/sites/default/files/styles/large_hero_image_mobile_1x/public/IMG_2534.JPG?h=19f14c2c&itok=v0UjmVcF,https://www.f-w.com/projects/pipeline-triad-relocation
Peoria Heights Downtown Planning,Village of Peoria Heights,"Peoria Heights, IL","Architecture, Landscape Architecture, Planning",Municipal,https://www.f-w.com/sites/default/files/styles/large_hero_image_mobile_1x/public/Page-18-Graphic.png?h=0d5ad8f5&itok=UEzOogLa,https://www.f-w.com/projects/plan-reimagines-downtown-corridor
Harmony Subdivision,"Harmony, LLC","Timnath, CO","Engineering, Surveying",,https://www.f-w.com/sites/default/files/styles/large_hero_image_mobile_1x/public/IMG_5437.JPG?h=5f62bdfc&itok=AnRwPCrC,https://www.f-w.com/projects/planning-civil-design-and-survey-for-subdivision
Oberheim Park Master Plan,City of Monticello,"Monticello, IL","Landscape Architecture, Planning",Municipal,https://www.f-w.com/sites/default/files/styles/large_hero_image_mobile_1x/public/Enscape_2021-10-08-15-51-18_3.png?h=8f74817f&itok=uq2JDuYc,https://www.f-w.com/projects/planning-for-recreational-amenities
Tolono Police Station,Village of Tolono,"Tolono, IL","Architecture, Electrical, Mechanical, Municipal, Plumbing, Structural",Municipal,https://www.f-w.com/sites/default/files/styles/large_hero_image_mobile_1x/public/02.10.17%20Exterior%20Rendering.jpg?h=a9d7fc0b&itok=FN7Jvm1c,https://www.f-w.com/projects/police-station-designed-with-future-growth-in-mind
Oswego Police Department Headquarters,"HOK, Inc.","Oswego, IL",Commissioning (Cx),Municipal,https://www.f-w.com/sites/default/files/styles/large_hero_image_mobile_1x/public/20181026_154512%20cropped.jpg?h=9e167fb1&itok=SzC-IX_V,https://www.f-w.com/projects/police-station-includes-critical-infrastructure
Mississippi Polymer Institute,"Mississippi Bureau of Building, Grounds and Real Property Management","Hattiesburg, MS",Commissioning (Cx),Higher Education,https://www.f-w.com/sites/default/files/styles/large_hero_image_mobile_1x/public/USMP-15_0.jpg?h=60f9f39d&itok=atE1Pwic,https://www.f-w.com/projects/polymer-institute-serves-as-incubator-for-research
Pop-A-Shot Headquarters,Pop-A-Shot,"PEORIA, IL",Architecture,"Commercial, Historic Preservation",https://www.f-w.com/sites/default/files/styles/large_hero_image_mobile_1x/public/pop%20a%20shot%20full%20interior.jpg?h=8c1344d8&itok=-LTgnD3G,https://www.f-w.com/projects/pop-a-shot-headquarters
Washington State Park Thunderbird Lodge Historic Preservation,Missouri State Parks and Missouri Department of Natural Resources,"DeSoto, MO","Architecture, Engineering","Historic Preservation, Parks & Recreation",https://www.f-w.com/sites/default/files/styles/large_hero_image_mobile_1x/public/Thunderbird%20Lodge%20Web%20photo%201.jpg?h=aa18f786&itok=8WY8jX8V,https://www.f-w.com/projects/preservation-of-historic-thunderbird-lodge
Technology Development Center UPW Polish System and Distribution,Confidential Client,,Process Piping,Industrial,https://www.f-w.com/sites/default/files/styles/large_hero_image_mobile_1x/public/UPW%204%20-%20UF.JPG?h=71976bb4&itok=8tcGh_Tl,https://www.f-w.com/projects/pressure-stability-on-multiple-floors
Pepsi Center Retro-Commissioning,Kroenke Sports Enterprises,"Denver, CO",Commissioning (Cx),Commercial,https://www.f-w.com/sites/default/files/styles/large_hero_image_mobile_1x/public/Pepsi%20Center%20003.jpg?h=4fcd1acd&itok=7iHaDArp,https://www.f-w.com/projects/proactive-approach-to-energy-demand-savings
"R&D Fab, UPW and DI Reclaim",Confidential,,Process Piping,,https://www.f-w.com/sites/default/files/styles/large_hero_image_mobile_1x/public/UPW%201_0.JPG?h=0d054e74&itok=AjOeGKps,https://www.f-w.com/projects/procurement-strategy-drives-reduced-construction-costs
Telecom Cable Replacement,Confidential Global Telecom Company,"St. Genevieve, MO",Engineering,Telecommunications,https://www.f-w.com/sites/default/files/styles/large_hero_image_mobile_1x/public/Pole%204%20%28091978%29_edit.jpg?h=d318f057&itok=iLcquhfZ,https://www.f-w.com/projects/project-renews-aerial-cable-lines
UCHealth Memorial Hospital North Multidisciplinary Interventional Radiology Lab,RTA Architects,"Colorado Springs, CO","Electrical, Mechanical, Plumbing",Healthcare,https://www.f-w.com/sites/default/files/styles/large_hero_image_mobile_1x/public/uch%20cath%20lab_0.jpg?h=a1b7c100&itok=iJpe-tsf,https://www.f-w.com/projects/radiology-lab-renovation-at-uchealth-memorial-hosptial-north
Santa Fe Park,Chillicothe Park District,"Chillicothe, IL",Landscape Architecture,Parks & Recreation,https://www.f-w.com/sites/default/files/styles/large_hero_image_mobile_1x/public/Sante%20Fe%20park%20overall%20grass.jpg?h=fee4874d&itok=YnKFtLWZ,https://www.f-w.com/projects/railroad-themed-park-transforms-city-block
Rail Splitter Wind Farm Site and O&M Building,Horizon Wind Energy,"Logan & Tazewell Counties, IL","Architecture, Commissioning (Cx), Electrical, Engineering, Mechanical, Plumbing, Surveying, Transportation","Energy & Utilities, Industrial, Renewables",https://www.f-w.com/sites/default/files/styles/large_hero_image_mobile_1x/public/RailSplitterBlueSky.jpg?h=0286d5e6&itok=aQVMkOK2,https://www.f-w.com/projects/railsplitter-wind-farm-in-logantazewell-counties-illinois
Rattlesnake Road Wind Farm,Horizon Wind Energy,"Gilliam County, OR","Architecture, Electrical, Interior Design, Mechanical, Plumbing, Surveying","Energy & Utilities, Industrial, Renewables",https://www.f-w.com/sites/default/files/styles/large_hero_image_mobile_1x/public/IMG_1287_0.jpg?h=a5eb5da0&itok=YgIDFE2h,https://www.f-w.com/projects/rattlesnake-road-wind-farm-in-gilliam-county-oregon
New and Renovated K-12 Schools,Louisiana Department of Education Recovery School District / Orleans Parish School Board,"New Orleans, LA",Commissioning (Cx),K-12 Education,https://www.f-w.com/sites/default/files/styles/large_hero_image_mobile_1x/public/Lake%20Area%20ext%20004%20lg.jpg?h=65da88bc&itok=SzffZelD,https://www.f-w.com/projects/rebuilding-new-orleans-schools
Lincoln Center,Lincoln College,"Lincoln, IL","Architecture, Structural","Higher Education, Parks & Recreation",https://www.f-w.com/sites/default/files/styles/large_hero_image_mobile_1x/public/DSC_0009.jpg?h=fee4874d&itok=KI74DKut,https://www.f-w.com/projects/rec-center-keeps-students-fit
Rickelman Avenue Reconstruction,City of Effingham,"Effingham, IL","Structural, Transportation",Municipal,https://www.f-w.com/sites/default/files/styles/large_hero_image_mobile_1x/public/IMG_0371%20-%20resized.jpg?h=9b14f9d6&itok=-q_0ZLv6,https://www.f-w.com/projects/reconstruction-extends-roadway
Pontiac Community Recreation Center,City of Pontiac,"Pontiac, IL","Architecture, Electrical, Landscape Architecture, Mechanical, Plumbing, Structural, Surveying","K-12 Education, Municipal, Parks & Recreation",https://www.f-w.com/sites/default/files/styles/large_hero_image_mobile_1x/public/pontiac%20rec%20gym%2012.2019%203.jpg?h=c5f30f03&itok=UxcRUQ-h,https://www.f-w.com/projects/recreation-center-serves-dual-purpose
Aspen Bus Maintenance Facility,Roaring Fork Transportation Authority,"Aspen, CO","Electrical, Land Development, Mechanical, Plumbing, Surveying","Industrial, Municipal",https://www.f-w.com/sites/default/files/styles/large_hero_image_mobile_1x/public/RFTA%20080408%20215_0.jpg?h=feba0e1d&itok=bDG08jWe,https://www.f-w.com/projects/redeveloped-maintenance-facility-expands-capabilities
Cal-Sag West Development,Village of Crestwood,"Crestwood, IL","Land Development, Landscape Architecture, Surveying, Stormwater Management",,https://www.f-w.com/sites/default/files/styles/large_hero_image_mobile_1x/public/CALSAG_0.jpg?h=cf13fad1&itok=Bu7hmcar,https://www.f-w.com/projects/redevelopment-of-cal-sag-channel-to-provide-multiple-community-benefits
Memorial Plaza,Village of Morton,"Morton, IL","Architecture, Electrical, Land Development, Landscape Architecture, Mechanical, Plumbing, Structural, Surveying",Municipal,https://www.f-w.com/sites/default/files/styles/large_hero_image_mobile_1x/public/162.JPG?h=790be497&itok=Dk9Rkci8,https://www.f-w.com/projects/redevelopment-sparked-by-memorial-plaza
Regional Data Center - IT Addition,Health Care Service Corporation,"Waukegan, IL","Architecture, Interior Design",Commercial,https://www.f-w.com/sites/default/files/styles/large_hero_image_mobile_1x/public/Ext2.jpg?h=69967e0e&itok=3fUKSaon,https://www.f-w.com/projects/regional-data-center-it-addition
Rehabilitation Facility,Villas of Sherman and Springfield Clinic,"Sherman, IL","Architecture, Interior Design","Healthcare, Senior Life Care",https://www.f-w.com/sites/default/files/styles/large_hero_image_mobile_1x/public/Villas_Int_20.jpg?h=c12d1b16&itok=YeL76R7G,https://www.f-w.com/projects/rehabilitation-therapy-addition-for-senior-care
Snyder Village New Bistro and Lounge,Snyder Village,"Metamora, IL","Architecture, Electrical, Interior Design, Landscape Architecture, Mechanical, Plumbing",Senior Life Care,https://www.f-w.com/sites/default/files/styles/large_hero_image_mobile_1x/public/DSC_0104_larger%20web.jpg?h=7eeb1a9b&itok=cBwWKtVz,https://www.f-w.com/projects/rehabilitative-residents-enjoy-new-bistro-and-lounge
South Lawrence Trafficway Relocation,Southern Star Central Gas Pipeline,"Lawrence, KS","Oil & Gas, Surveying","Energy & Utilities, Oil & Gas",https://www.f-w.com/sites/default/files/styles/large_hero_image_mobile_1x/public/IMG_2538.JPG?h=4c5c077f&itok=jUssaxcB,https://www.f-w.com/projects/relocation-of-3-south-lawrence-trafficway-pipelines
Conejos County Hospital Emergency Department Addition and Renovation,RTA Architects,"La Jara, CO","Electrical, Mechanical, Plumbing",Healthcare,https://www.f-w.com/sites/default/files/styles/large_hero_image_mobile_1x/public/20190709_095852%20edited%20and%20cropped_0.jpg?h=ffadc2f2&itok=htr5mlJt,https://www.f-w.com/projects/renovation-adheres-to-tight-constraints
Healogics at Penrose St. Francis,RTA Architects,"Colorado Springs, CO","Electrical, Mechanical, Plumbing",Healthcare,https://www.f-w.com/sites/default/files/styles/large_hero_image_mobile_1x/public/Penrose%20Hyperbaric%20Slideshow.jpg?h=12bd73b8&itok=mVnYlHcX,https://www.f-w.com/projects/renovation-for-hyperbaric-wound-care-center
Arbor Hall Renovation - North Campus,Illinois Central College,"East Peoria, IL","Architecture, Commissioning (Cx), Electrical, Land Development, Landscape Architecture, Mechanical, Plumbing",Higher Education,https://www.f-w.com/sites/default/files/styles/large_hero_image_mobile_1x/public/_DSC0019_cropped_adjusted.jpg?h=dc2340c9&itok=CQdde8_6,https://www.f-w.com/projects/renovation-of-arbor-hall
Illinois State Bar Association ADA Upgrades,Illinois State Bar Association,"Springfield, IL","Architecture, Interior Design",Commercial,https://www.f-w.com/sites/default/files/styles/large_hero_image_mobile_1x/public/IL_State_Bar_Int_14_0.jpg?h=5e61e3c6&itok=vkFxkvpr,https://www.f-w.com/projects/renovation-of-illinois-state-bar-association
Wilmette Histology Lab,"Metro Chicago Surgical Oncology, LLC.","Wilmette, IL","Architecture, Electrical, Interior Design, Mechanical, Plumbing",Healthcare,https://www.f-w.com/sites/default/files/styles/large_hero_image_mobile_1x/public/DSC_0013.JPG?h=fee4874d&itok=lMNEOIYt,https://www.f-w.com/projects/renovation-of-office-building-into-histology-lab
Renovations at the Historic Fox Developmental Center,Illinois Capital Development Board,"Dwight, IL","Architecture, Structural",,https://www.f-w.com/sites/default/files/styles/large_hero_image_mobile_1x/public/fox%20developmental%20larger%20web%20no%20car.jpg?h=f3bb3592&itok=A0lFNp7u,https://www.f-w.com/projects/renovations-at-the-historic-fox-developmental-center
Historic McClure Branch Library Renovation,Peoria Public Library,"Peoria, IL","Architecture, Electrical, Interior Design, Landscape Architecture, Mechanical",Library & Cultural,https://www.f-w.com/sites/default/files/styles/large_hero_image_mobile_1x/public/_DSC0017.JPG?h=fee4874d&itok=xv8C8Yuh,https://www.f-w.com/projects/renovations-completed-at-historic-library
Ent Credit Union – Multiple Branches,Keys + Lauer Architects,"Multiple Locations, CO","Electrical, Mechanical, Plumbing",Commercial,https://www.f-w.com/sites/default/files/styles/large_hero_image_mobile_1x/public/ENT%20CU%20Ken%20Caryl%201.jpg?h=b176a34d&itok=BKQUdh_n,https://www.f-w.com/projects/repeat-mep-projects-for-ent-credit-union-locations
Trefzger's Bakery,The Kim Group,"Peoria Heights, IL","Architecture, Land Development, Landscape Architecture","Historic Preservation, Retail & Mixed Use",https://www.f-w.com/sites/default/files/styles/large_hero_image_mobile_1x/public/TB%201.jpg?h=9958f2f4&itok=P7tMGdBA,https://www.f-w.com/projects/repurposing-a-19th-century-landmark
Retractable Roof and Walls Greenhouse,University of Illinois at Urbana-Champaign,"Champaign, IL",Structural,Higher Education,https://www.f-w.com/sites/default/files/styles/large_hero_image_mobile_1x/public/DSC03721.JPG?h=adbb760b&itok=W_tFyoTC,https://www.f-w.com/projects/retractable-roof-greenhouse-for-research
Broomfield Detention Center,City and County of Broomfield,"Broomfield, CO",Retro-Commissioning (RCx),,https://www.f-w.com/sites/default/files/styles/large_hero_image_mobile_1x/public/10_Exterior%20Fenestration_0.jpg?h=71976bb4&itok=gzFA9ztm,https://www.f-w.com/projects/retro-commissioning-identifies-operational-issues
University of West Georgia Biology Renovation and Expansion,University of West Georgia,"Carrollton, GA","Building Enclosure Commissioning (BECx), Commissioning (Cx)",Higher Education,https://www.f-w.com/sites/default/files/styles/large_hero_image_mobile_1x/public/interior%20commons_0.jpg?h=71976bb4&itok=A4uXcg7W,https://www.f-w.com/projects/revitalizing-excellence-the-university-of-west-georgias-biology-building-renovation-and
The Streets at SouthGlenn,"Alberta Development Partners, LLC","Centennial, CO",Architecture,Retail & Mixed Use,https://www.f-w.com/sites/default/files/styles/large_hero_image_mobile_1x/public/southglenn%2010.jpg?h=12bd73b8&itok=fwSO-8kq,https://www.f-w.com/projects/revitalizing-the-community-shopping-experience
RLI Campus Design & New Office Building,RLI Corporation,"Peoria, IL","Architecture, Electrical, Interior Design, Land Development, Landscape Architecture, Mechanical, Plumbing, Structural",Commercial,https://www.f-w.com/sites/default/files/styles/large_hero_image_mobile_1x/public/RLI%201.jpg?h=0d27ee61&itok=CNMjciZH,https://www.f-w.com/projects/rli-headquarters-addition
Dry Gulch Road Rehabilitation,Town of Estes Park,"Estes Park, CO","Engineering, Municipal, Surveying, Transportation, Stormwater Management",Municipal,https://www.f-w.com/sites/default/files/styles/large_hero_image_mobile_1x/public/IMG_1799.JPG?h=0d27ee61&itok=nZiP-VZI,https://www.f-w.com/projects/road-drainage-and-pedestrian-improvements
Orchard Street Roadway Improvements,University of Illinois at Urbana-Champaign,"Champaign, IL","Municipal, Transportation",Higher Education,https://www.f-w.com/sites/default/files/styles/large_hero_image_mobile_1x/public/DSC03416_0.JPG?itok=c1LTOJh9,https://www.f-w.com/projects/roadway-improvements-enhance-housing-complex
North Rock Hill Road Reconstruction,City of Webster Groves,"Webster Groves, MO","Surveying, Transportation",Municipal,https://www.f-w.com/sites/default/files/styles/large_hero_image_mobile_1x/public/N%20Rock%20Hill%20Rd%20Web%20Image.jpg?h=12bd73b8&itok=nGWVy3WN,https://www.f-w.com/projects/roadway-reconstruction-for-improvements
Orange Prairie Road Extension,"City of Peoria, Illinois","Peoria, IL","Landscape Architecture, Surveying, Transportation",Municipal,https://www.f-w.com/sites/default/files/styles/large_hero_image_mobile_1x/public/OrangePrairie_0.jpg?h=4e6308eb&itok=5bNqJ9MK,https://www.f-w.com/projects/roadway-serves-as-gateway-to-community
Town of Normal Roof Assessment,"Town of Normal, Illinois","Normal, IL","Asset Management, Building Enclosure Commissioning (BECx)",Municipal,https://www.f-w.com/sites/default/files/styles/large_hero_image_mobile_1x/public/NormalRoof1.jpg?h=12bd73b8&itok=d32N9ztc,https://www.f-w.com/projects/roofing-assessments-for-normal
Hammond-Henry Hospital Emergency Department Renovation,Hammond-Henry Hospital,"Geneseo, IL","Architecture, Electrical, Fire Protection, Interior Design, Mechanical, Plumbing",Healthcare,https://www.f-w.com/sites/default/files/styles/large_hero_image_mobile_1x/public/0xSTdudg_jpeg.jpg?h=1dd3cf61&itok=7YhAPk9y,https://www.f-w.com/projects/rural-hammond-henry-hospital-renovates-emergency-department-and-laboratory
San Antonio Zoo Gorilla Exhibit Commissioning,San Antonio Zoo,"San Antonio, TX",Commissioning (Cx),Parks & Recreation,https://www.f-w.com/sites/default/files/styles/large_hero_image_mobile_1x/public/rendering-found-online-larger.png?h=ddefb8b8&itok=ydLqjwze,https://www.f-w.com/projects/san-antonio-zoo-gorilla-exhibit-commissioning
SIU School of Medicine Main Entry and Conference Renovation / Event Venue,Southern Illinois University Springfield School of Medicine,"Springfield, IL","Architecture, Electrical, Interior Design, Mechanical, Plumbing",Higher Education,https://www.f-w.com/sites/default/files/styles/large_hero_image_mobile_1x/public/SIU%20Springfield%20-%20Lobby%20Renovation%20%282%29.JPG?h=ad0ea2b6&itok=Ya-AXFzP,https://www.f-w.com/projects/school-of-medicine-renovation
UCLA Wasserman Building,,"Westwood, CA",Commissioning (Cx),"Healthcare, Higher Education",https://www.f-w.com/sites/default/files/styles/large_hero_image_mobile_1x/public/IMG_4765_1.JPG?h=a64059f6&itok=a1Bbt3Pv,https://www.f-w.com/projects/seamless-solution-for-two-owners
Rock Creek Curling Club,Rock Creek Curling,"Lafayette, CO","Architecture, Land Development, Surveying",Parks & Recreation,https://www.f-w.com/sites/default/files/styles/large_hero_image_mobile_1x/public/RCCS_Exterior_Staver_001.JPG?h=50e73690&itok=f1zfmK69,https://www.f-w.com/projects/second-curling-facility-for-front-range
Various Services for BNWRD,Bloomington and Normal Water Reclamation District,"Bloomington, IL","Architecture, Electrical, Engineering, Mechanical, Municipal, Plumbing, Structural, Wastewater",Municipal,https://www.f-w.com/sites/default/files/styles/large_hero_image_mobile_1x/public/SE%20plant-close%20up%20300%20dpi.jpg?h=211d9779&itok=e2oiIQU2,https://www.f-w.com/projects/serving-bnwrd-for-over-100-years
Various Services for the Village of Metamora,Village of Metamora,"Metamora, IL","Engineering, Municipal, Transportation, Wastewater, Stormwater Management",Municipal,https://www.f-w.com/sites/default/files/styles/large_hero_image_mobile_1x/public/Metamora%20Town%20Square_0.jpg?h=f131b606&itok=k-u7a5cz,https://www.f-w.com/projects/serving-the-village-of-metamora-since-1959
Fulton Plaza,AIA Peoria Design Competition,"Peoria, IL","Architecture, Interior Design, Land Development, Landscape Architecture",,https://www.f-w.com/sites/default/files/styles/large_hero_image_mobile_1x/public/Batman%20View_0.png?itok=eqROXqc_,https://www.f-w.com/projects/shared-space-for-pedestrians-cyclists-and-vehicles
Panasonic’s Enterprise Solutions,"Westfield Company, Inc.","Denver, CO","Architecture, Interior Design, Landscape Architecture, Structural","Commercial, Industrial",https://www.f-w.com/sites/default/files/styles/large_hero_image_mobile_1x/public/Panasonic-11_0.jpg?h=f79fa301&itok=S3gSLiO7,https://www.f-w.com/projects/showcase-for-technology-and-implementation
Lucky's Market,Novus Development Company,"St. Louis, MO","Land Development, Surveying","Commercial, Retail & Mixed Use",https://www.f-w.com/sites/default/files/styles/large_hero_image_mobile_1x/public/IMG_3909.JPG?itok=mZU9sqqL,https://www.f-w.com/projects/site-layout-for-luckys-market
Banner Elementary School Addition,Dunlap Community Unit School District No. 323,"Dunlap, IL","Architecture, Electrical, Interior Design, Mechanical, Plumbing, Structural, Surveying",K-12 Education,https://www.f-w.com/sites/default/files/styles/large_hero_image_mobile_1x/public/DSC_0001.jpg?h=fee4874d&itok=14YC2Amw,https://www.f-w.com/projects/six-classroom-addition-at-banner-elementary-school
Imboden Creek Lodge Memory Care Unit,"Living Centers, Inc.","Decatur, IL","Architecture, Electrical, Mechanical, Plumbing, Structural",Senior Life Care,https://www.f-w.com/sites/default/files/styles/large_hero_image_mobile_1x/public/Color-1_-web.jpg?h=c5ace6e9&itok=nrTgY82G,https://www.f-w.com/projects/skilled-care-unit-for-residents-suffering-from-dementia
Good Samaritan,The Good Samaritan Group,"Pontiac, IL","Architecture, Electrical, Interior Design, Land Development, Landscape Architecture, Structural",Senior Life Care,https://www.f-w.com/sites/default/files/styles/large_hero_image_mobile_1x/public/20160829_145721_0.jpg?h=4521fff0&itok=wF1Ug_MY,https://www.f-w.com/projects/skilled-nursing-facility-replaces-dated-complex
Hickory Point Bank Micro-Branch,Hickory Point Bank,"Decatur, IL","Architecture, Interior Design",Commercial,https://www.f-w.com/sites/default/files/styles/large_hero_image_mobile_1x/public/HBP_ext_01.jpg?h=9c172823&itok=AtLsGvZl,https://www.f-w.com/projects/small-scale-banking-with-large-scale-design-impact
Retail Strategies,City of Centennial,"Centennial , CO","Architecture, Landscape Architecture",Municipal,https://www.f-w.com/sites/default/files/styles/large_hero_image_mobile_1x/public/Axon%201.jpg?h=eed66815&itok=elWYxaqo,https://www.f-w.com/projects/solutions-for-under-performing-assets
Interceptor Sewer Study and Design,Boxelder Sanitation District,"Fort Collins, CO",Municipal,Municipal,https://www.f-w.com/sites/default/files/styles/large_hero_image_mobile_1x/public/IMG_6595.JPG?h=5f62bdfc&itok=1Mk7xnj9,https://www.f-w.com/projects/solved-interceptor-sewer-and-infiltration-issues
Children's Hospital Colorado Colorado Springs,Children's Hospital Colorado,"Colorado Springs, CO",Commissioning (Cx),Healthcare,https://www.f-w.com/sites/default/files/styles/large_hero_image_mobile_1x/public/IMG_0530.JPG?itok=RoO0JNOo,https://www.f-w.com/projects/southern-colorados-first-childrens-hospital
Southern Illinois University Edwardsville Health Sciences Building,Illinois Capital Development Board & SIUE,"Edwardsville, IL","Building Enclosure Commissioning (BECx), Commissioning (Cx)",Higher Education,,https://www.f-w.com/projects/southern-illinois-university-edwardsville-health-sciences-building
Southern Illinois University School of Medicine Administrative Offices,SIU Springfield School of Medicine,"Springfield, IL","Architecture, Interior Design",Higher Education,https://www.f-w.com/sites/default/files/styles/large_hero_image_mobile_1x/public/SIU_Ext_01%28draft%29.jpg?h=33ae9b3e&itok=zP-idu8n,https://www.f-w.com/projects/southern-illinois-university-school-of-medicine-administrative-offices
Southwestern Illinois College Manufacturing Training Academy,Southwestern Illinois College,"Belleville, IL","Architecture, Electrical, Engineering, Fire Protection, Landscape Architecture, Mechanical, Plumbing",Higher Education,https://www.f-w.com/sites/default/files/styles/large_hero_image_mobile_1x/public/SWIC%20AMA_Exterior_04.jpg?h=502e75fa&itok=qPnqaiVe,https://www.f-w.com/projects/southwestern-illinois-college-manufacturing-training-academy
Lowry Eating Recovery Clinic,Westside Investment Partners,"Denver, CO","Architecture, Landscape Architecture",Healthcare,https://www.f-w.com/sites/default/files/styles/large_hero_image_mobile_1x/public/ERC8.jpg?h=23ef4099&itok=4f4wKrQ7,https://www.f-w.com/projects/specialized-recovery-center
Springfield Clinic Medical Office Building Addition and Interior Renovation,Springfield Clinic,"Springfield, IL","Architecture, Interior Design",Healthcare,https://www.f-w.com/sites/default/files/styles/large_hero_image_mobile_1x/public/Spfld_Clinic_4Story_4thfloor_03_a_0.jpeg?h=9855f42d&itok=hF3rr4Vj,https://www.f-w.com/projects/springfield-clinic-medical-office-building-addition-and-interior-renovation
Springfield Clinic Pediatrics,Springfield Clinic,"Springfield, IL",Architecture,Healthcare,https://www.f-w.com/sites/default/files/styles/large_hero_image_mobile_1x/public/Springfield_Clinic_Pediatrics_Ext_01_0.jpg?h=1d5c0c02&itok=S7QIvYmB,https://www.f-w.com/projects/springfield-clinic-pediatrics
Springfield Clinic Peoria Surgery Center,Springfield Clinic,"Peoria, IL","Architecture, Interior Design, Landscape Architecture, Structural",Healthcare,https://www.f-w.com/sites/default/files/styles/large_hero_image_mobile_1x/public/Springfield_Clinic_Recovery_Int_01.jpeg?h=9855f42d&itok=zWGq8w4r,https://www.f-w.com/projects/springfield-clinic-peoria-surgery-center
Phinney Branch Bank Stabilization,City of Champaign,"Champagin, IL",Stormwater Management,Municipal,https://www.f-w.com/sites/default/files/styles/large_hero_image_mobile_1x/public/Phinney%20AFTER.jpg?h=71976bb4&itok=9y3Qam4W,https://www.f-w.com/projects/stable-streambank-protects-existing-infrastructure
Cancer Research Center,University of Illinois College of Medicine at Peoria,"Peoria, IL","Architecture, Electrical, Interior Design, Land Development, Landscape Architecture, Mechanical, Plumbing, Structural, Surveying","Healthcare, Higher Education",https://www.f-w.com/sites/default/files/styles/large_hero_image_mobile_1x/public/working%202colored_0.jpg?h=a239d826&itok=lNubVmph,https://www.f-w.com/projects/state-of-the-art-cancer-research-facility
Emerson High School Storm Shelter Peer Review,Frisco Independent School District,"Frisco, TX","Architecture, Electrical, Mechanical, Structural","K-12 Education, ICC Storm Shelter Peer Review",https://www.f-w.com/sites/default/files/styles/large_hero_image_mobile_1x/public/Frisco%20HS%2311%20Emerson%201.JPG?itok=0rLQzQk8,https://www.f-w.com/projects/storm-shelter-review-protect-wall-penetrations
Savoy Stormwater Master Plan,Village of Savoy,"Savoy, IL",Planning,Municipal,https://www.f-w.com/sites/default/files/styles/large_hero_image_mobile_1x/public/Savoy%20Stormwater%20Master%20Plan%20V1.jpg?h=963d9fc3&itok=Z2XBje_4,https://www.f-w.com/projects/stormwater-master-plan-prioritizes-improvements
North Boneyard Creek Improvements,City of Champaign,"Champaign, IL","Municipal, Stormwater Management",Municipal,https://www.f-w.com/sites/default/files/styles/large_hero_image_mobile_1x/public/149_edited.png?h=d5895ce4&itok=BrGK6glE,https://www.f-w.com/projects/stormwater-project-aims-to-protect-city
Boneyard Creek Improvements - Scott Park,City of Champaign,"Champaign, IL","Electrical, Engineering, Municipal, Transportation, Stormwater Management",Municipal,https://www.f-w.com/sites/default/files/styles/large_hero_image_mobile_1x/public/I_WRM_Stormwater_BoneyardCreek_2ndStreetDetention_Champaign_IL_0191_0.jpg?h=34515be3&itok=scLsc4nB,https://www.f-w.com/projects/stormwater-project-revitalizes-campustown-park
Urbana Boneyard Creek Improvements,City of Urbana,"Urbana, IL","Electrical, Engineering, Municipal, Stormwater Management","Municipal, Parks & Recreation",https://www.f-w.com/sites/default/files/styles/large_hero_image_mobile_1x/public/IMG_0882_0.JPG?h=94b28deb&itok=w9o3Z8IU,https://www.f-w.com/projects/stormwater-project-transforms-downtown
Town of Frederick - Facilities Master Plan,Town of Frederick,"Frederick, CO","Architecture, Planning",Municipal,https://www.f-w.com/sites/default/files/styles/large_hero_image_mobile_1x/public/Town-of-Frederick-Google-Map-Isometric-1.jpg?h=e5abde3f&itok=gWijNRHe,https://www.f-w.com/projects/strategic-master-plan-to-modernize-public-services
Facilities Strategic Plan,"City of Boulder, Parks and Recreation Department","Boulder, CO",Asset Management,Parks & Recreation,https://www.f-w.com/sites/default/files/styles/large_hero_image_mobile_1x/public/City%20of%20Boulder%20Assessments-North%20Rec%20Ctr%20Mechanical.jpg?h=19f14c2c&itok=853KHcxn,https://www.f-w.com/projects/strategic-plan-informed-by-facility-assessments
First Street Reconstruction,City of Champaign and University of Illinois at Urbana-Champaign,"Champagin, IL","Electrical, Transportation",Municipal,https://www.f-w.com/sites/default/files/styles/large_hero_image_mobile_1x/public/1st%20Street%20-%203.jpg?h=46d50b5b&itok=o0X_7VQ4,https://www.f-w.com/projects/street-improvements-for-cooperating-agencies
Illinois Wesleyan University Beecher Street Promenade,Illinois Wesleyan University,"Bloomington, IL","Electrical, Land Development, Landscape Architecture, Structural, Surveying",Higher Education,https://www.f-w.com/sites/default/files/styles/large_hero_image_mobile_1x/public/IMG_6681.JPG?itok=L05_E9cK,https://www.f-w.com/projects/street-transforms-into-useful-pedestrian-space
Mahomet Downtown Streetscape,Village of Mahomet,"Mahomet, IL","Electrical, Landscape Architecture, Planning",Municipal,https://www.f-w.com/sites/default/files/styles/large_hero_image_mobile_1x/public/Mahomet%20Downtown%20Streetscape3.jpg?h=963d9fc3&itok=42TWVSl8,https://www.f-w.com/projects/streetscape-improvements-transform-rural-downtown
Warehouse District Streetscape,City of Peoria,"Peoria, IL","Architecture, Electrical, Land Development, Landscape Architecture, Surveying, Transportation","Historic Preservation, Municipal",https://www.f-w.com/sites/default/files/styles/large_hero_image_mobile_1x/public/_DSC0053_0.JPG?h=fee4874d&itok=MsXf8oPI,https://www.f-w.com/projects/streetscapes-reimagined-throughout-historic-district
A. Lincoln Commons,Lincoln Land Community College,"Springfield, IL","Architecture, Interior Design",Higher Education,https://www.f-w.com/sites/default/files/styles/large_hero_image_mobile_1x/public/DSC_0421%20edit.jpg?h=8a4c18ef&itok=LEoQDq8g,https://www.f-w.com/projects/student-commons-links-buildings-and-collaboration-spaces
Methodist College Relocation,Unity Point Health Methodist College,"Peoria, IL","Architecture, Electrical, Interior Design, Landscape Architecture, Plumbing, Structural, Surveying, Wastewater",Higher Education,https://www.f-w.com/sites/default/files/styles/large_hero_image_mobile_1x/public/Entrance%20Corridor.jpg?h=62a8e301&itok=Gvl5UxvS,https://www.f-w.com/projects/student-inspired-design
The Overlook Subdivision,Journey Homes,"Severance, CO","Engineering, Surveying",,,https://www.f-w.com/projects/subdivision-kickstarted-by-engineering-surveying
Village at CornerStar,Alberta Development Partners,"Aurora, CO",Architecture,Retail & Mixed Use,https://www.f-w.com/sites/default/files/styles/large_hero_image_mobile_1x/public/Cornerstar%202.jpg?h=12bd73b8&itok=rprkgGsl,https://www.f-w.com/projects/suburban-town-center-retail
"Sunny Hill Skilled Rehab Master Plan, Design, and Phased Renovations",Sunny Hill Nursing Home,"Will County, IL","Architecture, Electrical, Land Development, Landscape Architecture, Mechanical, Plumbing, Structural, Surveying",,https://www.f-w.com/sites/default/files/styles/large_hero_image_mobile_1x/public/P3270029_0.JPG?h=926d89e9&itok=dG9jpa3p,https://www.f-w.com/projects/sunny-hill-undergoes-major-renovation
Ralston Pump Station and Pipeline Survey and SUE Services,"Stantec Consulting Services, Inc.","Arvada, CO","Engineering, Surveying",Municipal,https://www.f-w.com/sites/default/files/styles/large_hero_image_mobile_1x/public/yale%20and%20xanadu%203-web.jpg?h=961c61fd&itok=Tr8dFw2c,https://www.f-w.com/projects/survey-and-sue-optimize-pipe-alignment
Red Rocks Amphitheatre Seating Area Subsidence Survey,Alfred Benesch & Company,"Morrison, CO",Surveying,,https://www.f-w.com/sites/default/files/styles/large_hero_image_mobile_1x/public/IMG_8601.JPG?h=5f62bdfc&itok=aNC9HiYS,https://www.f-w.com/projects/survey-services-for-colorado-landmark
Prairie Waters Project,,"aurora, CO",Surveying,,https://www.f-w.com/sites/default/files/styles/large_hero_image_mobile_1x/public/19466409_10154656324022036_6769344994111727055_o_0.jpg?h=634d96d0&itok=2X73E9MZ,https://www.f-w.com/projects/survey-support-for-35-mile-water-conveyance-system
E-470 Widening from Quincy Avenue to Interstate 70,Felsburg Holt & Ullevig (FHU) and the E-470 Highway Authority,"Arapahoe County, CO","Surveying, Transportation",Municipal,https://www.f-w.com/sites/default/files/styles/large_hero_image_mobile_1x/public/20190121_124034%20cropped.jpg?h=9a835fe5&itok=4kHRqNUL,https://www.f-w.com/projects/survey-support-for-major-tollway
Arnold Avenue Bridge Subsurface Utility Engineering (SUE),Alfred Benesch & Company,"El Paso County, CO","Engineering, Municipal, Surveying",Municipal,https://www.f-w.com/sites/default/files/styles/large_hero_image_mobile_1x/public/IMG_0119%20cropped.jpg?h=8c4faded&itok=TOMpBTDv,https://www.f-w.com/projects/survey-team-supports-prime-for-sue
US 550 to US 160 Interchange,"Colorado Department of Transportation, Regio 5","Durango, CO",Surveying,,https://www.f-w.com/sites/default/files/styles/large_hero_image_mobile_1x/public/us%20550%20to%20us%20160%20interchange%201.jpg?h=4313e0e5&itok=YYw1YqYS,https://www.f-w.com/projects/surveying-services-for-durango-interchange
Colorado State University-Pueblo,,"Pueblo, CO",Commissioning (Cx),Higher Education,https://www.f-w.com/sites/default/files/styles/large_hero_image_mobile_1x/public/IMG_9728.JPG?h=5f62bdfc&itok=s56Rnh9c,https://www.f-w.com/projects/sustainability-focused-commissioning-services
Sycamore Park District Recreation Campus & Community Center,Sycamore Park District,"Sycamore , IL","Architecture, Landscape Architecture",Parks & Recreation,https://www.f-w.com/sites/default/files/styles/large_hero_image_mobile_1x/public/DSC_9382%20large_0.jpg?h=bfa41935&itok=CszOAl86,https://www.f-w.com/projects/sycamore-embarks-on-a-new-era-of-recreation
South Residence Hall Complex,Sam Houston State University,"Huntsville, TX",Commissioning (Cx),Higher Education,https://www.f-w.com/sites/default/files/styles/large_hero_image_mobile_1x/public/IMG_3151.JPG?h=71976bb4&itok=e9_DZptn,https://www.f-w.com/projects/system-integration-through-mep-commissioning
Fred Pirkle Technology Center TAB Services,Sam Houston State University,"Huntsville, TX","Commissioning (Cx), Testing, Adjusting, and Balancing (TAB)",Higher Education,https://www.f-w.com/sites/default/files/styles/large_hero_image_mobile_1x/public/IMG_3172.JPG?h=71976bb4&itok=VWdc4cbj,https://www.f-w.com/projects/tab-services-for-fred-pirkle-technology-center
Tarrant County College Southeast Cooling Tower Replacement,Tarrant County College District,"Arlington, TX",Commissioning (Cx),Higher Education,https://www.f-w.com/sites/default/files/styles/large_hero_image_mobile_1x/public/TCCD%20SE%20Campus%20Cooling%20Tower%20IMG_7519-larger.png?h=feba0e1d&itok=KPki8Ddl,https://www.f-w.com/projects/tarrant-county-college-southeast-cooling-tower-replacement
Tarrant County College Trinity River Renovations for Staff Relocations,Tarrant County College District,"Fort Worth, TX",Commissioning (Cx),Higher Education,https://www.f-w.com/sites/default/files/styles/large_hero_image_mobile_1x/public/TCCD%20Staff%20Relocation%20-%20Trinity%20River%20Campus%20-%20larger_0.png?h=34515be3&itok=kTV56PhY,https://www.f-w.com/projects/tarrant-county-college-trinity-river-renovations-for-staff-relocations
The CAVE - The Center for Academic and Vocational Excellence,,"Bellevill, IL","Architecture, Electrical, Interior Design, Landscape Architecture, Mechanical, Plumbing, Structural","Commercial, Higher Education",https://www.f-w.com/sites/default/files/styles/large_hero_image_mobile_1x/public/TheCave_0355%20EDIT.jpg?h=9a96d95d&itok=RuBKYRvK,https://www.f-w.com/projects/the-cave-the-center-for-academic-and-vocational-excellence
Denver Curling Center,Denver Curling Center,"Golden, CO",Architecture,Parks & Recreation,https://www.f-w.com/sites/default/files/styles/large_hero_image_mobile_1x/public/Denver%20Curling%20Club-2.jpg?h=9cc1420a&itok=ngv5w8lk,https://www.f-w.com/projects/those-who-can-throw-stones
Heyl Royster Office Renovation,Heyl Royster,"Peoria, IL","Architecture, Electrical, Interior Design, Mechanical, Plumbing, Structural",Commercial,https://www.f-w.com/sites/default/files/styles/large_hero_image_mobile_1x/public/8M1A6328%20Panorama_0.jpg?h=cc982270&itok=IX7-2KPQ,https://www.f-w.com/projects/three-floor-office-building-renovation
Top Crop Wind Farm Site and O&M Building,Horizon Wind Energy,"Livingston, LaSalle, & Grundy Counties, IL","Architecture, Electrical, Engineering, Mechanical, Plumbing, Surveying, Transportation","Energy & Utilities, Industrial, Renewables",https://www.f-w.com/sites/default/files/styles/large_hero_image_mobile_1x/public/IMG_4835.jpg?h=a5eb5da0&itok=0F4dywjL,https://www.f-w.com/projects/top-crop-wind-farm-in-livingston-lasalle-grundy-counties-illinois
South Enoch Road Improvements,Schriever Air Force Base,"Colorado Springs, CO","Municipal, Transportation",DOD / Federal,https://www.f-w.com/sites/default/files/styles/large_hero_image_mobile_1x/public/photo-1_0.JPG?h=a5eb5da0&itok=QyIB4bk-,https://www.f-w.com/projects/traffic-flow-improved-along-main-access-corridor
Jump Trading Simulation and Conference Education Center,OSF Healthcare,"Peoria, IL",Commissioning (Cx),Healthcare,https://www.f-w.com/sites/default/files/styles/large_hero_image_mobile_1x/public/_DSC0001.JPG?itok=uqiAhtDc,https://www.f-w.com/projects/training-facility-for-healthcare
Foothills Mall Redevelopment,"Alberta Development Partners, LLC","Fort Collins, CO","Architecture, Commissioning (Cx), Surveying",Retail & Mixed Use,https://www.f-w.com/sites/default/files/styles/large_hero_image_mobile_1x/public/foothills%202.jpg?h=12bd73b8&itok=0qXEtHq-,https://www.f-w.com/projects/transformative-renaissance-on-the-front-range
Mountaineer Bowl Events Complex at Western Colorado University,Western Colorado University,"Gunnison, CO","Architecture, Electrical, Interior Design, Mechanical, Plumbing, Structural",Higher Education,https://www.f-w.com/sites/default/files/styles/large_hero_image_mobile_1x/public/Ready%20for%20website.png?h=12bd73b8&itok=yzoovu0d,https://www.f-w.com/projects/transforming-the-worlds-highest-elevation-college-football-stadium
Wastewater Treatment Plant Expansion,"Village of Mahomet, Illinois","Mahomet, IL","Electrical, Mechanical, Plumbing, Structural, Wastewater",Municipal,https://www.f-w.com/sites/default/files/styles/large_hero_image_mobile_1x/public/Mahomet1.jpg?h=12bd73b8&itok=Q76xv-Yg,https://www.f-w.com/projects/treatment-plant-expansion-supports-growth
Twin groves Wind Farm site and O&M Building,Horizon Wind Energy,"McLean County, IL","Architecture, Electrical, Engineering, Mechanical, Plumbing, Structural, Surveying, Transportation","Energy & Utilities, Industrial, Renewables",https://www.f-w.com/sites/default/files/styles/large_hero_image_mobile_1x/public/windfarm%20006.jpg?h=d668167d&itok=ZC5ewfuO,https://www.f-w.com/projects/twin-groves-wind-farm-mclean-county-illinois
Survey for Colorado Highway 14 Improvements,Colorado Department of Transportaion,"Rustic, CO",Surveying,,https://www.f-w.com/sites/default/files/styles/large_hero_image_mobile_1x/public/IMG_0989-1.jpg?h=efc7f45d&itok=roGPzZ9T,https://www.f-w.com/projects/uavs-expedite-land-surveying-for-roadway
Ultrapure Water Distribution Systems,Confidential Client,,Process Piping,Advanced Manufacturing & Technology,https://www.f-w.com/sites/default/files/styles/large_hero_image_mobile_1x/public/AdobeStock_388081756.jpeg?h=71976bb4&itok=3aofs8gx,https://www.f-w.com/projects/ultrapure-water-distribution-systems
Wisconsin Avenue Business Corridor Plan,City of Peoria,"Peoria, IL",Landscape Architecture,Municipal,https://www.f-w.com/sites/default/files/styles/large_hero_image_mobile_1x/public/WI%20Ave%20Mtg%20Photo.JPG?h=43aaa6c7&itok=r0uR0obZ,https://www.f-w.com/projects/unique-plan-revitalizes-business-corridor
University of Georgia Ecology Building,University of Georgia,"Athens, GA",Retro-Commissioning (RCx),Higher Education,https://www.f-w.com/sites/default/files/styles/large_hero_image_mobile_1x/public/100_0310.JPG?h=94b28deb&itok=duPNhKKi,https://www.f-w.com/projects/university-of-georgia-ecology-building-retro-commissioning
Demirijian Indoor Golf Facility Addition,University of Illinois at Urbana-Champaign,"Champaign, IL","Architecture, Electrical, Mechanical, Plumbing","Higher Education, Parks & Recreation",https://www.f-w.com/sites/default/files/styles/large_hero_image_mobile_1x/public/IMG_1770.JPG?h=71976bb4&itok=MfMQ0K7h,https://www.f-w.com/projects/university-of-illinois-showcases-new-indoor-golf-facility
Estates at Acqualina,TG Development LLC,"Sunny Isles, FL",Commissioning (Cx),Commercial,https://www.f-w.com/sites/default/files/styles/large_hero_image_mobile_1x/public/the-estates-at-acqualina-larger.png?h=d39b8d4e&itok=7Bjp4y9k,https://www.f-w.com/projects/unparalleled-luxury-for-residents-at-the-estates-at-acqualina
JUSTIN KIMBALL HIGH SCHOOL STORM SHELTER PEER REVIEW,Dallas Independent School District,"Dallas, TX",,"K-12 Education, ICC Storm Shelter Peer Review",https://www.f-w.com/sites/default/files/styles/large_hero_image_mobile_1x/public/Kimball%20HS%20G1%20edited%203.jpg?h=9589c0e9&itok=zU0oHzPn,https://www.f-w.com/projects/unusual-storm-shelter-solution-meets-code
Southwest Plaza Mall Redevelopment,General Growth Properties,"Littleton, CO",Land Development,Retail & Mixed Use,https://www.f-w.com/sites/default/files/styles/large_hero_image_mobile_1x/public/142.JPG?h=94b28deb&itok=0rhIOLtE,https://www.f-w.com/projects/update-incorporates-entries-and-parking
Florence South Water Treatment Plant Improvements,City of Florence,"Florence, CO","Electrical, Mechanical, Municipal, Structural, Wastewater",Municipal,https://www.f-w.com/sites/default/files/styles/large_hero_image_mobile_1x/public/Florence%20WTP%20Construction%201%20edited-1.jpg?h=dacb724d&itok=aBgFPg5E,https://www.f-w.com/projects/upgrades-improve-quality-capacity-and-taste
Arena and Theater Renovations,Peoria Civic Center,"Peoria, IL","Architecture, Commissioning (Cx), Electrical, Interior Design, Mechanical, Plumbing",Library & Cultural,https://www.f-w.com/sites/default/files/styles/large_hero_image_mobile_1x/public/DSC_0101.jpg?h=fee4874d&itok=u2Ln5Ir_,https://www.f-w.com/projects/upgrades-to-civic-center-keeps-things-rockin
Twenty Ninth Street Mall,Westcor Partners,"Boulder, CO",Architecture,Retail & Mixed Use,https://www.f-w.com/sites/default/files/styles/large_hero_image_mobile_1x/public/sem-4.jpg?h=cf3e9931&itok=voeBEUA1,https://www.f-w.com/projects/urban-shopping-sophistication-for-boulder
Xanadu and Yale Subsurface Utility Engineering,HDR,"Aurora, CO","Engineering, Municipal, Subsurface Utility Engineering (SUE), Surveying",Municipal,https://www.f-w.com/sites/default/files/styles/large_hero_image_mobile_1x/public/20190116_083525.jpg?h=dab36bcc&itok=R1C7JTyk,https://www.f-w.com/projects/utility-mapping-allows-for-safe-construction
Quincy Medical Group Medical Office Building and Surgery Center,Quincy Medical Group,"Quincy, IL",Architecture,Healthcare,https://www.f-w.com/sites/default/files/styles/large_hero_image_mobile_1x/public/IMG_4493.jpg?h=8e24c5e4&itok=FUVGnozX,https://www.f-w.com/projects/vacated-mall-space-gets-new-use-as-medical-officesurgery-center
UPW Upgrades,Confidential,,"Electrical, Mechanical, Process Piping, Structural",,https://www.f-w.com/sites/default/files/styles/large_hero_image_mobile_1x/public/UPW%202.JPG?h=0d054e74&itok=zzY-jf9z,https://www.f-w.com/projects/value-add-solutions-eliminated-parallel-system
Veterans Affairs Mental Health Clinic and Domiciliary Retro-Commissioning,Vali Cooper International LLC,"West Palm Beach, FL",Retro-Commissioning (RCx),Healthcare,https://www.f-w.com/sites/default/files/styles/large_hero_image_mobile_1x/public/WP-VA-Domiciliary-Larger.png?h=9853a32c&itok=6oe8JQaf,https://www.f-w.com/projects/veterans-affairs-mental-health-clinic-and-domiciliary-retro-commissioning
Veterans Memorial Tollway (I-355) Widening,Illinois State Toll Highway Authority,"Woodridge, IL","Structural, Surveying, Transportation",Municipal,https://www.f-w.com/sites/default/files/styles/large_hero_image_mobile_1x/public/Untitled-1_0.jpg?h=12bd73b8&itok=Z24ZaORp,https://www.f-w.com/projects/veterans-memorial-tollway-i-355-widened
Memorial Health Child Care Center,Memorial Health,"Springfield, IL","Architecture, Interior Design","Healthcare, K-12 Education",https://www.f-w.com/sites/default/files/styles/large_hero_image_mobile_1x/public/Memorial_Child_Care_Ext_01.jpeg?h=3597cce6&itok=iJM2ZjCh,https://www.f-w.com/projects/vibrant-child-care-facility-provides-spaces-for-all-ages
The Levee District,Cullinan Properties,"East Peoria, IL","Architecture, Electrical, Interior Design, Landscape Architecture, Mechanical, Plumbing",Retail & Mixed Use,https://www.f-w.com/sites/default/files/styles/large_hero_image_mobile_1x/public/_DSC0053.JPG?h=fee4874d&itok=xk6oL4w0,https://www.f-w.com/projects/vibrant-retail-hub-keys-on-new-urbanism
Various Services for the Village of Roanoke,Village of Roanoke,"Roanoke, IL","Architecture, Engineering, Municipal, Transportation, Wastewater, Stormwater Management",Municipal,https://www.f-w.com/sites/default/files/styles/large_hero_image_mobile_1x/public/Roanoke%20Transmission%20Main%20Construction%20Pic.JPG?h=4eadde09&itok=hK4ncfRW,https://www.f-w.com/projects/village-engineer-for-a-central-illinois-community
CAMtek Manufacturing Building,"CAMtek, Inc.","Bloomington, IL","Architecture, Commissioning (Cx), Electrical, Interior Design, Mechanical, Plumbing, Structural","Commercial, Industrial",https://www.f-w.com/sites/default/files/styles/large_hero_image_mobile_1x/public/camtek02.jpg?h=c6980913&itok=BL5UZStT,https://www.f-w.com/projects/warehouse-renovated-to-high-tech-manufacturing
Whitney Hill Wind Project,"Whitney Hill Wind Power, LLC","Logan County, IL",Surveying,"Energy & Utilities, Renewables",https://www.f-w.com/sites/default/files/styles/large_hero_image_mobile_1x/public/0919181113%20EDIT_0.jpg?h=266da715&itok=MR226KlI,https://www.f-w.com/projects/whitney-hill-wind-farm
Wildcat Wind Farm,"E.ON Climate and Renewables, North America","Madison & Tipton Counties, IN","Surveying, Transportation","Energy & Utilities, Renewables",https://www.f-w.com/sites/default/files/styles/large_hero_image_mobile_1x/public/DJI_20211019104343_0017.JPG?h=5767db86&itok=wihBSW4V,https://www.f-w.com/projects/wildcat-wind-farm
Wood River Connectivity,Marathon Petroleum Company LP,"Hartford, IL","Electrical, Engineering, Mechanical, Oil & Gas, Process Piping, Structural, Surveying",Oil & Gas,https://www.f-w.com/sites/default/files/styles/large_hero_image_mobile_1x/public/IMG_4433.JPG?h=a5eb5da0&itok=9R4efkWe,https://www.f-w.com/projects/wood-river-connectivity
La Junta Wastewater Treatment Plant Design,City of La Junta,"La Junta , CO","Architecture, Engineering, Mechanical, Municipal, Wastewater",Municipal,https://www.f-w.com/sites/default/files/styles/large_hero_image_mobile_1x/public/22-1.jpg?h=5a66cccd&itok=S_eVEyyn,https://www.f-w.com/projects/wwtp-upgrades-ensure-community-health
Bloomington-Normal YMCA,Bloomington-Normal YMCA,"Bloomington, IL","Architecture, Electrical, Interior Design, Land Development, Mechanical, Plumbing, Structural",Parks & Recreation,https://www.f-w.com/sites/default/files/styles/large_hero_image_mobile_1x/public/Ext_01a.jpg?h=2a6523a9&itok=7OxNGbL_,https://www.f-w.com/projects/ymca-realizes-welcome-to-all-vision-in-new-facility
